study_hours_per_day,attendance_percentage,assignments_completed,sleep_hours,previous_score,internet_access,extracurricular_activities,parental_education_level,distance_from_school_km,tutoring,final_score
4.4,71.1,2,4.9,68.5,1,0,3,23.8,1,31.42
9.6,68.8,8,8.3,43.5,0,0,2,17.7,1,61.75
7.6,41.5,4,5.8,37.1,1,0,1,23.5,1,31.31
6.4,60.5,7,7.2,93.8,0,1,1,6.2,1,75.98
2.4,62.8,6,8.2,87.4,0,1,1,2.0,1,48.55
2.4,63.9,7,9.4,83.2,0,1,4,26.3,1,44.04
1.5,74.8,6,8.8,33.4,0,0,3,2.7,1,32.55
8.8,72.0,2,8.1,89.1,1,0,4,7.8,0,73.79
6.4,76.5,1,8.1,60.7,1,0,1,21.0,0,36.98
7.4,85.9,6,9.7,54.0,1,1,3,12.6,0,59.94
1.2,88.8,2,5.8,68.3,1,0,3,26.4,1,38.28
9.7,83.1,2,4.0,36.4,0,0,2,9.3,1,51.66
8.5,97.3,1,5.6,83.0,1,1,4,0.9,1,67.46
2.9,41.1,3,5.3,70.8,1,0,4,9.4,0,30.33
2.6,51.7,7,8.0,43.1,1,1,2,17.6,0,38.64
2.7,40.5,0,7.8,43.2,0,0,4,11.6,0,9.41
3.7,78.8,0,7.6,42.9,1,1,1,16.3,0,24.07
5.7,93.9,4,4.1,34.0,1,1,1,26.4,0,33.47
4.9,54.6,10,8.4,71.1,0,1,4,27.4,1,53.43
3.6,95.6,4,5.9,88.8,0,1,2,8.3,0,48.82
6.5,43.6,10,8.0,31.2,1,1,3,14.1,1,55.13
2.3,96.1,0,7.3,33.4,1,0,4,16.7,1,17.39
3.6,61.1,5,6.1,70.1,0,1,3,28.5,1,40.16
4.3,46.1,0,4.8,87.4,1,1,2,30.0,0,36.08
5.1,69.2,4,4.6,52.9,0,1,3,7.4,0,33.37
8.1,55.4,8,9.0,54.5,1,1,2,21.9,1,58.67
2.8,57.1,4,9.5,71.7,1,0,2,11.7,0,45.31
5.6,58.4,5,7.9,49.2,1,1,1,0.7,0,48.81
6.3,88.2,7,4.6,31.9,1,0,1,0.8,1,46.56
1.4,72.3,10,6.4,81.5,1,1,2,14.1,1,62.19
6.5,58.7,0,8.4,73.8,0,1,4,14.9,1,54.25
2.5,76.6,1,8.7,70.7,0,0,1,1.2,1,37.67
1.6,83.0,8,4.7,81.9,1,0,2,20.8,1,45.21
9.5,56.4,2,4.0,77.3,1,0,3,9.2,0,56.67
9.7,64.8,5,8.3,44.4,1,1,3,17.0,1,63.88
8.3,47.3,4,6.1,54.7,0,0,4,9.4,0,45.31
3.7,50.9,10,5.5,38.8,0,1,3,5.4,0,42.04
1.9,80.9,1,4.1,39.1,0,0,3,12.5,1,9.13
7.2,50.9,6,7.2,77.3,0,0,2,7.4,1,52.02
5.0,71.5,3,9.1,90.1,0,1,3,16.3,0,57.22
2.1,82.5,0,9.7,97.4,0,0,3,6.4,1,46.58
5.5,46.4,3,7.4,74.0,0,0,3,15.5,0,36.96
1.3,74.0,5,7.1,42.9,0,1,3,5.1,1,23.59
9.2,55.4,6,4.5,37.4,1,1,2,20.3,1,50.0
3.3,97.8,6,7.3,86.9,0,1,3,22.7,0,57.57
7.0,69.0,6,6.3,70.5,0,0,4,3.8,0,62.89
3.8,88.4,2,7.6,73.3,0,0,1,14.3,1,42.46
5.7,73.0,5,6.3,84.7,0,0,4,2.6,1,62.72
5.9,42.6,7,5.4,79.2,1,0,1,18.1,1,56.23
2.7,78.0,3,4.6,88.4,0,0,4,8.3,0,38.48
9.7,97.1,7,5.9,33.9,1,1,1,16.1,1,67.36
8.0,76.1,1,4.6,82.3,1,0,1,15.8,1,49.09
9.5,89.2,9,5.1,89.6,1,1,1,27.8,1,81.9
9.1,93.1,8,9.9,50.0,0,0,1,16.7,1,63.06
6.4,53.7,8,6.7,74.8,0,1,2,17.7,0,59.28
9.3,52.7,7,7.2,52.0,0,0,4,12.3,0,56.73
1.8,76.7,9,9.2,97.1,1,0,1,28.5,0,55.71
2.8,64.7,9,10.0,32.3,1,1,4,23.4,1,37.26
1.4,90.4,0,7.5,70.6,1,0,3,8.9,1,36.11
3.9,94.0,1,8.9,41.7,1,1,1,25.4,1,30.74
4.5,61.2,5,6.0,79.9,0,0,4,13.3,0,48.78
3.4,54.2,9,5.8,42.3,0,0,2,24.9,0,22.27
8.5,86.8,4,6.4,46.5,0,1,4,24.8,0,58.22
4.2,56.5,8,8.0,64.6,1,0,1,6.1,0,41.83
3.5,89.4,4,8.1,94.0,1,1,3,21.2,1,60.06
5.9,65.4,1,5.9,44.8,0,0,4,9.1,0,38.36
2.3,80.1,9,4.8,40.1,0,0,3,9.3,0,31.82
8.2,45.7,3,7.8,83.1,1,0,2,9.2,1,55.66
1.7,77.4,8,4.8,65.0,0,0,4,21.9,0,37.7
9.9,67.1,0,7.5,93.8,0,0,4,7.3,1,68.61
8.0,75.2,10,8.2,40.3,1,0,2,0.5,1,64.79
2.8,50.1,0,8.2,75.2,1,0,2,21.6,1,24.39
1.0,84.2,6,8.5,46.3,1,1,2,5.5,1,52.45
8.3,91.8,10,9.2,41.0,0,0,1,3.6,1,67.55
7.4,53.0,2,7.0,77.8,1,0,1,7.5,0,42.88
7.6,45.7,9,8.4,71.6,0,0,4,11.7,0,69.53
7.9,41.4,1,7.7,82.8,0,1,4,14.5,1,57.52
1.7,78.5,8,5.1,51.7,1,1,4,1.8,0,42.4
4.2,76.4,2,4.2,61.4,0,0,3,29.1,1,25.52
2.0,72.8,1,5.7,58.4,1,0,2,21.6,0,24.11
8.8,53.9,7,6.7,98.9,1,0,4,10.0,0,78.78
6.6,63.5,9,7.7,50.5,0,1,2,9.9,0,46.63
4.0,75.7,5,9.1,50.6,0,0,1,13.7,0,43.31
1.6,69.8,5,5.2,54.8,1,1,2,19.0,0,27.47
3.8,99.3,9,4.8,69.5,1,0,3,4.8,0,69.01
3.9,48.2,10,9.8,47.7,1,1,3,6.1,0,56.85
7.6,81.7,6,4.6,94.1,1,1,2,25.9,1,69.21
6.7,64.3,6,6.9,48.6,1,0,3,8.1,1,57.52
9.0,65.7,10,7.5,92.7,1,0,3,11.7,1,86.25
5.2,83.1,5,7.2,37.2,0,0,1,26.2,0,22.03
2.1,81.5,3,4.5,76.0,0,0,4,20.1,0,31.76
7.4,99.5,10,4.3,93.5,0,0,3,10.6,1,86.09
7.8,47.7,8,4.6,41.8,0,0,4,20.7,1,42.54
6.1,46.2,5,7.5,97.8,1,0,2,1.1,0,62.33
7.9,83.5,3,7.3,61.7,0,1,2,22.2,1,60.11
5.4,74.7,2,5.4,96.2,0,0,3,14.9,1,54.9
5.7,56.4,3,7.8,77.4,1,0,2,24.5,1,43.87
4.8,44.8,2,8.9,51.1,0,1,1,28.7,1,28.06
1.2,45.1,1,4.2,43.2,1,0,3,27.8,0,2.92
2.0,93.7,4,7.0,51.3,1,0,3,27.3,1,23.52
1.3,51.5,1,8.1,36.5,1,0,3,15.6,1,14.68
6.7,59.4,5,5.5,40.1,1,0,2,11.1,1,43.37
3.8,53.6,2,5.8,37.3,1,1,2,14.2,1,24.41
5.6,61.3,5,7.7,59.6,0,1,3,20.9,0,47.76
9.2,44.2,10,9.4,85.7,0,0,4,26.6,1,73.18
3.2,71.1,9,8.9,39.9,0,0,2,6.6,1,43.16
4.7,44.1,8,7.5,39.1,1,1,2,27.6,1,29.92
7.8,88.0,0,8.4,75.0,0,0,3,24.5,1,56.14
3.1,54.0,5,6.2,43.8,0,1,4,29.4,1,33.9
1.7,72.4,8,7.8,36.8,0,1,3,26.5,0,23.13
3.6,92.8,10,6.8,41.7,0,1,2,8.8,1,48.47
2.5,79.1,3,5.1,94.7,1,0,3,3.6,1,50.75
9.4,72.0,10,8.2,87.5,0,0,3,3.8,0,87.02
8.3,59.5,1,7.3,54.8,1,0,3,9.1,1,45.44
6.7,60.0,3,6.2,75.9,1,1,4,18.6,0,56.89
8.8,80.2,0,9.5,67.6,0,0,3,24.2,1,58.02
8.2,99.6,2,4.1,77.4,1,0,2,27.0,0,60.26
2.7,79.7,9,5.9,77.8,1,1,3,18.9,0,49.4
9.0,73.5,8,4.3,74.0,1,0,4,0.7,1,84.13
5.9,83.8,9,8.6,48.6,1,0,1,6.0,0,62.7
8.3,67.9,4,8.2,32.7,1,0,4,3.4,1,57.3
9.1,43.6,10,6.0,61.9,1,1,3,11.2,0,70.73
3.9,73.7,5,8.1,92.4,1,0,1,15.3,0,56.02
2.0,97.5,2,6.4,69.9,0,1,3,1.8,1,49.69
3.1,50.5,4,8.5,88.3,0,1,4,10.8,0,55.92
4.8,81.4,10,6.7,99.4,1,1,1,5.8,1,77.19
8.4,52.1,7,6.5,41.5,1,0,1,19.6,0,49.85
8.7,72.1,5,9.6,78.4,0,0,3,14.2,0,67.44
1.1,45.8,3,5.5,77.2,0,0,3,15.1,1,24.23
5.6,67.0,1,4.7,98.6,0,1,4,13.1,1,49.95
4.8,85.4,8,7.5,99.0,0,1,3,28.7,0,66.64
3.0,60.9,0,9.8,78.1,1,0,1,6.8,1,34.86
2.1,79.9,0,6.3,47.1,1,1,2,15.7,1,23.09
4.0,87.7,3,4.4,85.9,0,0,2,22.2,0,37.86
9.5,95.6,6,6.0,37.5,0,0,4,16.9,0,55.96
3.9,54.1,0,7.0,84.6,0,0,3,27.9,1,30.3
5.7,64.0,8,5.0,93.7,0,0,4,11.7,0,64.3
7.3,49.1,3,7.9,56.8,1,0,2,14.2,1,39.24
4.3,99.5,2,10.0,74.1,0,0,2,3.1,1,49.42
9.7,95.6,0,6.7,60.1,0,0,3,18.5,1,58.46
9.7,72.4,9,6.1,60.6,0,1,1,9.0,1,69.0
3.3,90.5,3,6.4,51.7,1,0,3,5.2,1,47.2
5.5,71.3,8,4.7,83.3,1,1,2,16.6,1,66.59
3.7,77.4,9,9.3,95.5,1,1,1,16.2,0,72.21
3.6,45.3,5,6.5,95.9,0,0,4,2.7,1,59.08
1.3,85.3,5,6.3,42.2,0,1,2,21.1,0,22.11
6.5,47.7,0,8.0,91.2,0,1,4,18.9,1,49.35
5.5,89.6,9,6.7,81.6,1,1,1,6.1,0,77.29
1.5,86.9,1,7.9,47.7,1,0,4,14.3,0,29.08
3.5,82.5,10,4.4,34.7,0,0,2,21.7,0,31.74
9.2,42.2,5,8.9,48.8,0,0,3,16.1,1,56.17
3.2,58.2,1,9.6,93.9,1,0,4,12.2,0,47.25
2.3,55.8,2,7.9,74.3,0,0,2,10.0,0,29.14
5.4,61.6,3,9.7,80.5,0,1,2,18.5,1,52.43
9.9,45.3,10,4.9,48.0,0,1,1,28.2,0,48.36
3.2,96.2,4,6.9,80.4,1,0,2,20.3,0,50.01
7.0,73.2,8,7.6,32.0,0,1,3,2.7,1,61.3
7.9,58.3,3,7.5,56.3,0,1,3,14.1,0,49.89
3.1,63.8,10,6.4,73.9,0,1,4,26.8,0,50.24
7.6,66.8,8,6.0,40.2,0,1,4,3.3,1,58.05
4.3,76.0,10,4.8,87.6,1,0,4,29.7,0,63.19
6.7,70.9,9,6.4,46.5,1,0,4,28.5,0,55.34
6.7,95.2,2,5.0,75.7,1,0,3,2.8,0,63.57
5.8,69.8,7,8.4,58.4,0,1,1,28.0,0,44.74
1.8,99.5,0,5.3,71.7,1,1,4,11.2,1,44.41
8.5,91.1,10,4.4,37.5,0,0,1,25.4,1,56.62
3.9,52.5,8,7.3,31.2,1,0,2,12.8,1,29.47
2.7,95.8,8,7.6,93.7,0,1,2,13.5,1,67.3
1.4,47.0,9,9.2,48.9,1,0,4,19.2,0,24.35
6.3,89.0,1,7.5,87.4,1,0,2,23.3,1,60.45
7.1,62.8,3,6.1,100.0,1,1,1,1.5,1,73.63
1.1,92.7,7,8.8,44.8,0,1,1,18.0,0,35.81
5.6,92.1,6,7.2,48.6,0,0,2,6.0,0,47.26
3.0,88.4,0,4.5,76.4,0,1,4,10.7,0,40.07
6.8,87.4,4,7.4,97.6,1,0,1,10.8,1,78.93
2.6,58.3,6,9.4,94.1,0,1,1,14.3,0,55.93
7.2,44.9,3,6.4,65.2,0,1,3,10.4,0,45.26
4.5,64.2,0,5.8,85.7,0,0,4,3.7,0,43.16
9.4,50.4,8,4.9,39.5,0,1,3,4.8,1,62.03
2.2,81.7,4,4.9,98.4,0,0,2,1.5,1,45.22
4.1,60.8,10,6.6,97.5,0,1,2,14.4,1,65.42
2.0,98.5,1,7.6,41.5,1,0,3,28.7,1,31.0
9.3,78.5,7,4.5,51.0,1,1,4,3.9,1,76.99
8.9,89.3,10,9.6,37.0,0,1,1,28.4,1,65.84
3.3,48.0,1,8.5,49.0,1,0,2,22.1,1,15.13
6.9,91.7,2,7.5,87.1,1,1,4,19.3,0,68.16
8.4,95.4,9,9.0,56.5,0,0,4,19.5,0,68.71
6.0,69.2,0,4.5,36.2,0,1,2,24.9,0,21.35
5.8,76.4,10,6.9,54.0,1,1,2,3.7,1,63.37
3.2,85.9,1,7.8,98.7,0,0,4,15.4,1,48.29
1.8,50.5,6,9.0,74.1,1,1,1,21.1,0,29.08
9.1,70.2,9,8.7,59.1,1,1,3,17.8,0,79.46
9.1,63.9,1,5.7,41.7,1,0,2,25.1,1,38.08
6.7,48.8,5,9.6,99.0,0,1,3,2.6,1,73.16
4.1,62.1,2,4.7,87.5,1,0,4,20.9,1,45.56
4.1,44.1,3,9.3,49.7,0,0,3,16.3,1,23.72
7.5,41.5,10,9.8,34.9,0,0,1,11.7,1,42.43
9.1,48.1,7,5.1,34.0,0,1,4,10.5,1,46.83
9.0,97.8,2,8.3,38.4,0,1,1,18.8,1,48.76
8.0,73.0,9,4.2,70.7,0,0,4,26.8,1,65.57
6.8,97.9,5,6.4,95.0,1,1,1,15.1,0,71.16
1.8,65.9,0,7.1,64.8,0,0,4,24.8,1,29.06
2.5,58.7,6,7.5,89.0,0,1,1,12.4,1,52.68
9.1,70.4,7,9.6,61.2,0,0,4,3.5,1,76.91
6.5,66.4,10,8.0,79.6,0,0,1,2.3,0,67.3
1.1,46.3,7,6.9,81.2,0,1,4,2.0,0,49.73
1.9,78.4,2,8.9,42.2,1,0,1,11.7,1,24.97
7.0,53.0,9,9.7,55.3,0,0,2,10.4,0,54.66
1.0,77.2,0,4.1,74.6,0,1,3,21.7,0,22.63
2.4,79.0,8,9.9,34.9,1,0,4,22.4,0,40.59
5.9,49.1,5,4.5,55.3,0,0,1,2.0,1,40.93
7.2,43.7,10,8.9,67.4,1,1,2,7.0,1,68.52
6.9,86.8,8,5.7,99.7,1,0,4,8.6,1,83.55
3.0,67.6,6,4.8,63.2,1,0,4,16.7,1,45.3
7.4,43.5,0,6.6,87.1,1,0,4,4.8,1,59.13
3.1,99.7,0,7.9,60.2,0,0,3,4.5,1,37.75
3.9,43.5,5,6.3,85.7,0,0,1,28.3,1,29.34
7.7,81.7,4,4.3,71.7,1,0,1,24.2,0,51.84
6.8,99.0,8,7.6,92.1,1,0,4,5.8,1,91.44
8.6,54.4,1,9.4,58.8,0,0,4,12.5,1,58.08
6.9,48.5,7,6.3,72.3,1,1,4,11.0,1,59.88
6.1,47.3,10,5.3,74.1,1,0,2,23.8,1,55.26
1.8,58.2,4,6.7,59.2,1,0,4,15.6,1,30.74
4.3,46.1,1,4.3,40.1,0,1,3,4.3,1,27.62
3.4,81.5,9,8.9,36.5,1,0,1,22.3,1,41.29
3.2,43.7,10,9.0,31.2,0,0,3,12.2,1,28.91
9.8,70.6,10,7.5,91.1,0,0,4,8.3,0,90.77
4.5,99.8,5,6.1,46.6,0,0,2,11.6,0,38.98
9.0,88.8,9,8.8,44.8,1,0,4,15.2,1,69.54
6.7,76.9,7,7.3,81.5,1,0,4,10.6,1,70.14
8.2,58.4,3,9.0,52.4,0,1,4,7.6,0,60.47
5.5,77.4,1,7.8,65.4,0,1,4,12.3,1,50.61
6.2,71.6,10,8.7,41.4,0,1,4,1.1,1,64.19
5.4,65.6,4,7.6,97.2,1,1,1,23.3,0,57.37
2.8,47.8,1,6.5,89.6,1,1,3,5.5,1,45.75
7.5,93.2,1,9.7,90.5,0,0,2,1.8,1,71.94
3.5,67.0,5,7.2,58.5,0,0,4,19.8,1,39.2
1.2,51.7,10,7.6,83.4,1,0,2,23.3,0,44.86
6.8,62.1,9,5.3,40.1,0,0,1,24.5,0,41.95
2.6,64.8,8,7.8,30.6,1,0,3,15.1,1,33.54
9.5,89.7,3,7.4,31.4,1,1,4,6.6,0,55.68
9.6,84.0,5,5.1,71.1,0,1,1,22.2,0,60.29
9.2,86.2,6,4.4,61.9,0,0,1,21.1,0,48.02
4.3,40.7,10,7.6,66.3,1,0,3,7.8,1,63.58
1.1,65.0,5,8.6,30.5,1,0,4,27.2,0,21.22
9.4,68.9,7,7.1,59.6,1,1,3,3.6,0,69.93
4.9,41.2,3,5.4,80.3,1,1,3,29.5,0,37.92
9.7,55.6,0,8.0,61.0,1,0,2,25.9,1,45.88
9.7,85.6,6,4.5,81.3,0,1,2,20.8,0,78.05
8.7,48.2,2,6.7,46.3,1,0,3,28.2,0,31.36
3.7,72.1,5,5.0,86.9,1,1,2,21.8,1,53.47
4.5,52.9,1,5.1,71.2,1,1,1,6.1,0,36.04
8.7,40.7,8,5.2,44.8,0,0,3,13.5,0,49.62
3.9,54.5,0,6.3,46.6,0,1,4,2.6,0,24.81
2.5,98.6,5,4.3,74.0,1,1,4,12.0,1,48.01
6.0,88.1,5,6.4,88.1,1,0,1,22.4,1,62.07
9.4,97.6,4,7.1,59.1,0,1,4,11.9,0,65.04
7.3,69.3,4,6.9,48.1,0,0,4,10.2,0,46.54
6.1,46.6,0,6.3,90.7,0,1,3,18.1,0,49.73
1.9,72.9,9,9.0,76.8,0,0,1,26.2,0,35.26
6.5,67.3,4,4.9,61.4,1,0,3,1.9,0,47.7
9.9,90.7,1,7.0,64.2,0,1,1,11.9,0,57.71
2.3,45.9,6,4.4,44.3,1,1,3,5.2,1,29.25
5.7,69.3,2,4.4,73.9,1,0,3,21.0,0,46.14
8.9,49.0,3,7.4,55.1,0,1,2,3.6,0,49.62
7.7,59.5,2,7.4,99.7,0,1,4,20.1,0,65.27
7.3,84.2,2,9.3,63.6,0,1,1,8.9,1,54.4
7.3,68.6,3,7.3,64.0,0,0,4,6.4,0,53.37
4.2,62.6,4,9.8,69.6,1,0,2,28.1,1,47.05
3.6,63.7,0,4.3,94.2,1,0,1,1.0,0,37.99
8.3,67.6,3,4.6,86.1,1,1,2,13.4,0,67.19
8.3,87.1,10,4.3,61.6,0,1,4,1.1,0,76.24
8.8,93.5,7,5.1,80.3,1,0,3,14.8,0,81.73
9.2,97.3,9,7.2,71.0,0,0,2,15.3,0,75.88
5.6,87.2,6,7.9,64.5,1,1,2,10.0,0,63.12
5.5,58.9,8,4.3,43.5,0,1,3,4.4,1,45.9
8.2,81.3,4,9.7,62.5,1,1,4,11.6,0,69.09
6.8,66.3,9,9.1,47.2,1,1,2,20.3,0,58.77
7.3,55.3,3,5.8,94.0,0,0,4,23.6,0,56.51
8.2,90.5,7,4.5,53.5,1,1,3,16.2,1,62.12
9.0,42.3,8,5.0,96.7,1,1,1,17.9,0,78.49
4.0,94.1,6,4.8,67.3,0,0,2,6.4,1,43.01
4.4,67.7,6,4.7,74.2,0,0,4,9.0,0,45.0
1.8,78.2,4,7.1,68.0,0,1,3,5.3,0,39.56
6.2,79.6,3,5.5,39.1,0,0,3,7.9,1,40.64
1.3,93.7,9,6.1,56.3,0,1,2,7.1,1,53.83
5.2,78.2,0,9.9,36.9,1,1,1,15.8,0,24.22
5.9,76.8,9,8.1,73.6,0,0,2,17.1,1,61.14
3.6,44.0,9,9.7,61.3,1,0,4,28.4,1,37.56
6.3,71.1,6,4.9,84.5,1,1,3,6.3,0,67.43
1.3,49.0,0,6.3,45.4,0,0,1,19.4,0,1.36
1.3,84.2,0,7.3,41.5,1,1,4,24.6,0,26.59
8.4,70.7,4,4.5,58.4,1,1,2,17.0,1,57.27
4.2,80.8,8,4.0,94.9,0,1,3,8.0,0,69.23
2.1,42.5,5,8.0,79.7,1,0,2,8.2,0,40.86
5.7,45.1,2,7.9,59.3,0,1,1,1.7,1,37.5
7.9,83.0,2,6.5,66.2,0,1,1,9.5,1,50.32
2.9,44.3,6,6.9,35.9,0,1,1,22.5,0,17.82
6.6,44.3,5,6.5,98.9,1,0,1,1.9,1,58.64
1.8,40.7,8,4.1,76.6,1,1,1,7.0,1,47.03
1.5,97.4,5,6.0,50.0,1,1,2,21.3,1,36.53
5.8,84.3,4,5.1,71.0,1,1,1,23.6,0,55.54
5.9,61.2,9,4.6,37.7,0,0,1,13.9,0,34.07
6.7,57.8,6,9.7,97.6,1,1,3,21.1,0,73.38
7.5,61.0,0,7.6,42.2,0,1,1,11.9,1,36.0
9.8,86.5,6,8.4,75.4,1,0,3,5.2,0,82.02
5.6,79.7,2,5.9,47.2,1,0,3,12.2,0,36.88
3.9,51.1,8,6.4,80.2,1,1,3,17.6,1,58.08
8.2,50.4,5,5.4,84.4,1,1,2,28.5,1,57.34
3.4,45.9,8,4.6,77.1,1,1,2,2.5,0,44.93
5.0,79.6,4,5.1,73.0,0,0,4,15.5,1,54.95
1.7,85.9,6,8.8,92.5,1,0,4,10.2,0,62.73
1.2,55.9,3,8.1,35.5,1,1,3,15.5,0,18.34
9.7,41.3,6,7.3,53.2,1,0,2,1.2,0,65.69
8.5,44.9,0,6.9,47.4,1,1,1,9.7,1,39.69
7.3,98.1,6,9.5,99.2,0,1,4,24.7,1,90.13
4.7,57.7,7,4.4,57.3,1,0,2,16.8,0,40.23
2.6,86.2,4,5.7,81.3,0,1,1,13.8,0,38.67
2.4,77.5,1,6.1,77.9,1,0,1,8.9,0,43.15
3.3,62.9,4,8.7,44.8,0,0,2,9.3,0,31.78
5.9,52.3,5,10.0,46.7,0,1,4,11.8,1,46.78
7.4,47.3,1,5.4,49.7,0,0,2,25.1,0,28.21
6.9,76.9,5,9.2,58.8,0,1,4,29.0,0,51.84
3.5,86.5,5,9.0,46.4,0,0,3,13.4,1,44.28
9.6,78.6,0,5.3,31.4,1,1,2,12.1,0,33.02
7.6,71.8,0,6.4,91.6,0,1,2,25.5,0,48.13
6.0,42.5,10,6.5,97.6,1,1,4,13.1,0,78.32
6.5,98.1,9,9.9,53.9,0,0,4,16.8,0,64.69
4.8,87.9,2,5.1,53.7,0,1,2,7.3,0,39.46
3.2,57.6,9,8.8,30.5,1,0,1,22.4,1,25.85
4.2,98.8,9,6.0,77.6,0,0,1,16.2,1,68.42
7.8,76.1,2,8.4,87.8,0,0,1,24.4,1,62.87
1.1,74.9,3,6.5,40.3,0,0,3,23.5,1,14.54
2.0,84.9,1,7.5,41.2,0,0,3,6.8,0,19.77
1.4,88.7,8,9.0,85.3,1,1,4,21.6,1,67.31
1.4,79.4,9,8.8,73.1,0,0,3,24.1,1,55.71
8.7,47.7,10,9.2,33.1,0,1,1,10.7,1,59.98
7.3,60.3,6,4.4,73.6,1,1,2,5.6,1,73.41
5.3,95.7,6,8.2,51.6,1,0,3,0.6,1,57.66
1.9,53.5,5,4.8,55.8,0,1,3,13.8,1,24.18
5.4,62.3,2,6.5,83.9,0,1,1,10.9,1,43.51
5.3,65.9,5,7.3,86.8,1,0,3,16.9,1,62.05
2.6,66.4,7,6.4,58.0,0,1,4,6.0,0,43.16
4.9,76.8,7,7.1,96.3,1,0,2,25.9,1,64.52
4.6,96.6,10,10.0,58.5,0,0,1,8.1,0,63.93
6.5,54.4,8,4.8,84.0,1,0,4,7.2,1,73.55
6.7,47.3,0,8.1,63.9,1,1,1,14.7,1,35.23
1.4,51.8,0,6.4,92.8,1,1,4,15.2,1,35.4
4.4,93.2,2,4.8,93.5,0,1,2,6.8,0,58.75
6.6,78.7,2,5.0,36.1,0,1,2,8.5,0,32.83
5.5,57.2,9,9.7,95.6,0,0,4,5.5,1,71.53
8.7,89.0,7,9.3,87.8,0,0,4,21.7,0,83.75
6.9,91.7,9,9.4,85.4,1,1,4,23.2,1,80.92
2.5,90.8,0,9.9,44.1,1,0,4,14.1,0,29.35
1.6,95.1,1,5.2,86.4,1,1,4,21.6,0,44.79
6.8,55.1,1,6.1,89.5,0,0,4,22.2,0,44.5
1.2,85.3,2,8.0,50.2,0,0,2,4.6,1,30.34
6.3,67.6,5,6.9,96.7,0,0,4,29.0,0,56.44
9.5,90.5,0,6.5,33.5,1,0,3,24.7,0,48.83
6.2,83.7,1,6.1,40.5,0,0,2,6.5,1,35.38
4.5,86.6,0,7.6,67.6,0,1,1,6.0,0,43.65
6.8,79.4,4,7.5,70.3,1,1,2,4.2,1,69.3
5.1,50.6,6,5.0,75.2,1,0,1,4.6,1,47.65
5.9,72.7,7,6.8,31.2,0,1,1,22.6,0,26.62
9.5,99.1,9,7.3,97.2,1,0,3,14.4,1,100.0
4.5,96.2,0,7.4,33.1,0,0,4,23.6,0,24.65
9.7,42.6,6,5.3,40.0,1,0,4,22.5,0,49.5
9.1,49.9,4,8.5,31.0,1,0,2,18.3,1,42.68
2.8,47.9,9,4.2,69.7,1,1,4,20.7,0,42.39
1.6,83.6,0,6.1,95.3,0,0,3,1.0,0,49.23
1.9,89.1,2,8.7,76.6,0,1,2,9.7,1,38.07
1.2,52.8,6,7.4,87.6,0,0,2,19.3,1,40.48
1.8,70.4,9,5.6,30.9,1,0,2,0.8,0,29.25
7.1,90.4,0,8.2,67.9,1,1,4,1.5,1,64.14
1.6,84.0,6,7.4,62.2,1,0,4,25.6,1,40.42
3.9,72.5,4,8.8,64.9,1,0,4,20.7,1,44.11
8.6,75.4,0,8.4,35.1,0,1,2,8.3,1,46.23
1.2,70.5,0,7.7,77.9,0,1,2,20.8,0,31.5
8.3,57.9,0,6.9,65.2,0,1,1,23.9,0,41.68
3.5,73.9,10,4.8,83.6,1,0,1,9.6,1,61.26
2.1,81.3,8,5.6,64.0,1,0,4,1.6,0,46.45
7.3,92.4,10,6.5,40.5,0,1,2,28.0,1,60.58
6.7,78.2,2,7.6,75.4,1,1,4,10.7,1,73.78
8.9,85.7,4,7.1,42.1,0,0,4,3.6,0,54.73
7.6,49.6,10,5.7,91.1,1,0,1,15.0,0,68.0
8.2,67.7,9,4.0,72.9,1,1,3,23.2,0,65.98
3.5,40.6,8,7.0,41.0,0,1,4,7.0,0,32.13
2.6,54.8,5,5.7,97.4,0,1,3,8.4,1,39.55
7.8,83.6,8,8.4,66.3,1,1,3,7.7,1,81.15
8.3,99.5,7,4.1,35.1,0,0,2,29.8,0,42.18
9.9,46.0,7,7.5,73.9,0,0,2,6.3,1,61.71
4.7,64.1,0,9.6,47.7,1,0,4,17.5,0,35.01
4.3,88.0,8,5.0,86.3,1,0,1,27.8,0,51.6
8.0,52.2,5,6.8,87.2,1,1,1,4.8,0,65.89
4.1,73.3,8,4.5,98.5,0,0,4,29.1,1,65.16
9.4,84.0,2,7.8,65.1,1,1,4,28.5,1,60.36
8.7,77.0,2,7.3,61.8,1,0,1,26.6,0,43.25
4.9,51.3,5,6.4,82.7,1,0,3,6.8,0,53.6
7.8,61.3,8,7.1,39.3,1,0,4,19.2,0,57.26
7.8,87.0,6,9.4,68.3,1,1,3,22.9,0,63.95
1.9,73.3,2,5.2,68.2,0,0,4,29.6,1,27.44
9.1,40.3,2,4.1,36.3,1,1,4,5.8,1,46.32
5.5,85.7,1,9.2,59.3,1,1,3,23.1,0,38.13
8.4,42.1,8,7.5,89.7,0,0,3,10.5,0,71.81
3.9,84.7,2,9.3,89.9,1,1,1,5.7,1,64.76
9.1,52.1,10,7.6,36.9,1,0,4,12.9,0,59.32
4.5,97.5,4,8.9,36.4,0,1,2,23.9,1,44.46
1.1,62.1,8,6.6,48.4,1,0,2,14.2,1,36.72
9.1,59.6,7,8.5,91.2,0,1,4,16.4,0,78.82
1.8,48.9,1,9.5,39.0,1,1,4,29.9,1,15.19
3.9,58.3,2,7.4,80.4,0,0,4,12.3,1,38.58
9.6,92.6,1,5.1,37.1,0,0,3,18.7,1,45.79
9.6,99.8,7,5.6,73.6,1,0,2,11.3,1,84.34
6.2,62.1,5,5.2,54.9,0,0,2,12.1,0,37.84
6.7,66.9,5,5.5,85.2,0,1,2,21.0,1,49.33
5.0,83.3,8,5.8,46.4,1,1,4,28.2,1,57.53
3.6,93.2,7,7.3,74.7,1,1,3,16.5,1,64.35
4.0,75.6,3,7.5,46.5,0,1,4,23.2,0,30.94
7.1,63.5,3,6.6,80.0,1,0,1,3.1,0,60.39
7.8,64.8,8,7.7,91.2,0,1,1,6.7,0,80.83
8.1,81.7,0,4.5,38.9,0,0,2,15.3,1,22.85
8.1,40.2,1,4.5,90.7,1,1,4,1.1,0,62.36
1.8,77.2,1,5.0,71.6,1,0,1,8.0,0,23.06
5.4,61.3,5,7.1,38.9,0,0,1,15.8,0,30.98
1.5,87.7,3,5.3,59.9,1,0,4,0.9,1,40.76
5.9,45.6,10,5.7,41.3,1,0,3,8.3,0,49.0
5.0,75.3,9,6.4,79.0,0,0,4,15.7,0,58.53
9.0,68.9,2,8.9,83.1,0,1,4,17.4,0,58.57
4.2,78.5,2,4.1,37.4,0,0,3,27.8,1,18.19
2.1,43.9,2,7.9,65.4,0,1,2,19.5,1,25.84
2.3,74.8,5,8.0,87.0,0,1,2,12.7,0,52.67
7.9,73.7,7,8.8,95.5,0,0,2,27.9,0,64.8
6.6,73.6,10,9.6,65.9,1,1,3,23.7,0,74.5
1.9,76.2,6,4.1,96.5,0,1,1,6.4,1,48.73
1.8,80.6,3,4.9,67.5,1,1,3,4.4,1,44.2
7.3,88.3,10,9.3,57.6,1,0,4,20.4,0,70.01
1.7,56.2,3,6.8,89.4,0,0,3,17.0,1,36.83
8.4,89.5,10,7.4,64.5,1,0,1,23.8,0,75.04
7.4,69.9,9,8.0,63.0,0,0,1,22.3,1,53.92
1.7,44.6,10,8.1,64.3,1,1,4,18.9,0,41.74
1.8,43.5,10,9.6,89.3,0,1,2,29.6,1,49.87
9.9,60.1,10,10.0,88.2,0,1,1,16.2,0,94.04
4.4,87.1,1,8.3,58.2,0,1,1,3.8,1,39.26
4.3,82.5,0,5.7,53.3,0,1,1,24.9,0,33.07
8.3,87.3,8,9.3,64.4,1,1,4,7.9,0,90.03
9.5,71.0,1,4.3,70.1,1,0,1,23.4,0,49.35
9.9,66.4,7,5.4,46.7,1,1,2,28.7,0,56.09
7.8,48.8,8,9.4,85.6,1,1,4,21.1,1,74.02
4.4,59.7,3,5.5,64.1,1,1,2,18.1,0,37.17
1.8,66.0,7,5.3,53.4,0,0,1,14.1,1,22.03
8.0,45.3,8,4.8,37.5,0,1,1,11.3,1,44.13
6.0,53.2,9,9.2,46.7,0,1,2,10.9,0,56.23
4.8,75.9,9,7.0,96.4,0,0,4,19.3,0,64.5
9.2,84.1,4,8.0,51.4,0,1,4,22.7,0,58.23
2.0,99.9,6,5.4,41.8,1,0,2,20.5,0,24.75
5.4,96.0,9,8.5,62.2,0,0,1,6.4,1,65.63
1.1,78.6,3,8.6,51.5,0,1,3,15.1,1,30.86
5.2,65.3,0,5.9,32.5,1,1,2,23.9,1,23.65
1.5,78.2,2,6.5,52.6,1,0,2,14.5,1,25.5
2.1,87.1,4,5.3,68.1,0,1,2,16.3,0,34.82
2.1,47.1,2,9.9,68.6,0,1,1,23.2,1,28.24
6.8,64.6,10,7.9,55.0,1,0,4,20.0,0,61.11
7.7,90.4,6,9.6,61.3,0,0,1,12.6,0,62.45
6.3,63.0,8,5.8,97.6,0,1,2,26.9,1,67.27
9.7,74.3,5,8.7,56.4,0,0,1,5.3,1,68.69
4.4,75.3,9,8.6,48.1,1,1,1,29.9,1,51.73
3.6,51.1,0,8.1,47.0,0,1,2,4.0,1,25.55
8.8,61.7,6,9.8,62.0,0,1,1,0.9,1,74.2
3.0,60.1,2,6.4,83.2,1,1,3,26.8,1,42.78
9.7,41.6,4,4.8,44.4,1,0,1,7.7,0,49.34
1.1,41.5,9,8.0,79.7,1,1,1,22.0,0,42.68
9.7,89.9,3,8.4,31.5,0,0,4,24.4,0,40.96
1.4,56.4,9,7.5,59.3,1,1,4,25.8,1,47.66
9.0,71.1,4,5.2,84.3,0,1,2,29.8,0,60.6
5.7,57.9,4,7.0,53.7,1,0,2,9.2,0,40.87
9.9,96.4,5,5.9,69.5,0,1,4,21.5,0,73.89
1.7,55.6,9,6.6,44.3,1,0,3,3.9,0,33.52
6.0,65.8,9,7.9,81.9,0,0,1,12.5,0,62.21
9.7,92.4,10,8.5,33.7,0,1,3,25.5,0,64.2
5.7,90.5,5,5.4,89.7,1,1,3,11.3,1,77.45
6.7,51.2,7,6.4,43.9,1,1,4,17.9,1,50.29
7.3,88.2,7,5.6,91.2,0,1,2,15.4,1,73.73
5.1,67.5,10,5.2,54.7,1,0,1,19.6,0,43.46
6.6,69.0,8,8.7,80.6,0,1,2,29.2,1,65.94
6.3,48.0,7,9.5,52.3,1,1,3,2.1,1,60.23
9.1,44.8,10,6.2,93.4,1,1,3,17.4,0,82.83
1.4,83.7,1,8.5,38.9,0,1,2,26.0,1,12.98
3.5,69.8,9,9.4,42.5,1,1,2,14.7,0,39.62
9.6,66.2,10,9.1,64.5,1,0,4,2.8,1,88.53
9.0,83.8,0,5.1,35.7,0,1,2,17.0,0,44.45
5.1,85.9,9,9.7,43.7,0,0,2,10.3,0,47.18
6.6,49.5,1,6.3,96.1,1,1,4,5.1,1,70.16
3.5,76.6,1,6.0,98.4,0,1,2,25.5,0,44.19
2.7,48.1,2,4.4,56.3,1,1,3,15.9,1,26.09
5.2,85.1,9,6.9,94.6,1,0,2,28.0,0,66.75
4.2,79.4,6,4.7,68.1,0,1,1,24.3,1,37.95
6.3,97.4,1,5.5,48.9,0,0,3,20.9,1,43.97
1.7,44.1,0,5.9,79.2,0,0,4,0.6,0,21.8
9.8,43.4,5,8.9,76.1,0,1,3,13.1,1,65.27
9.9,56.9,8,9.3,99.2,0,0,4,6.3,1,94.14
7.3,55.7,2,5.8,48.6,0,1,1,27.4,1,24.65
5.8,54.8,5,9.2,77.0,1,1,1,5.7,0,51.75
3.8,94.4,2,9.1,33.6,1,0,3,8.9,0,35.2
8.3,55.0,0,8.6,38.0,0,1,2,15.7,1,37.61
7.2,56.3,4,4.9,30.3,1,1,3,8.3,1,43.42
2.5,85.6,9,8.1,100.0,1,0,3,6.7,0,69.47
9.2,67.0,10,9.7,86.2,1,0,1,18.2,0,93.01
8.4,86.6,3,8.1,85.1,1,0,4,3.1,1,78.33
9.5,43.9,6,6.0,65.7,0,0,3,2.2,0,58.24
7.5,69.3,5,7.0,51.0,1,0,2,11.5,0,47.7
6.5,42.0,9,7.9,40.6,1,0,1,21.8,1,43.63
4.8,43.8,6,7.1,49.9,0,1,3,16.9,0,37.44
9.4,94.4,4,4.7,56.3,0,0,3,13.0,0,64.05
8.8,48.4,3,5.9,82.9,0,0,2,17.2,0,45.87
1.4,71.9,6,8.8,67.8,0,1,3,11.3,1,42.84
1.2,64.7,6,9.2,35.4,1,1,3,28.1,0,26.04
4.4,60.8,5,4.8,31.3,0,0,3,2.1,1,31.55
8.3,94.0,7,9.7,37.2,1,0,3,20.4,0,61.28
9.9,41.3,3,6.0,58.7,1,1,2,26.8,0,50.95
2.4,79.8,9,8.0,95.3,0,0,3,24.2,1,56.05
6.3,97.8,4,8.5,74.6,0,0,3,5.9,1,72.5
4.4,73.6,3,8.9,86.1,0,1,3,9.2,1,61.98
9.7,96.2,0,9.7,62.6,0,0,1,21.7,1,52.02
8.6,43.1,7,5.9,55.3,0,1,2,3.0,0,49.98
8.5,65.1,0,9.2,37.6,0,0,1,24.4,1,28.35
5.2,55.6,4,4.8,91.3,1,1,1,21.7,1,54.99
4.7,83.8,5,8.2,84.8,1,1,2,22.0,1,57.49
3.5,98.9,5,8.5,41.8,1,1,1,3.5,0,44.8
1.5,55.4,4,8.1,65.9,1,0,1,21.7,0,27.7
8.8,79.3,2,5.5,64.1,0,1,1,20.6,1,52.69
8.3,51.9,4,9.2,73.8,0,0,2,25.0,1,55.04
10.0,73.9,7,5.0,96.2,1,1,3,1.7,1,88.69
10.0,67.8,1,4.3,70.6,1,1,4,1.2,1,71.3
6.0,98.3,5,8.3,67.8,1,1,4,11.5,0,65.84
7.9,76.5,8,6.9,33.5,0,0,2,4.9,1,52.44
9.5,61.0,7,9.1,34.4,0,0,4,17.0,0,54.41
8.6,46.8,10,6.3,43.1,0,1,2,27.6,1,52.49
3.2,49.1,7,5.0,32.3,1,0,2,12.0,1,26.0
5.1,53.5,7,9.0,82.0,1,0,4,25.4,0,53.52
2.2,55.1,6,7.3,80.6,0,0,1,0.5,1,41.71
9.6,91.0,7,5.1,39.5,0,1,3,5.5,1,66.77
6.5,73.7,5,8.3,88.5,1,0,4,1.4,1,69.42
3.1,71.4,1,7.1,40.8,1,1,4,10.2,1,29.99
7.0,46.9,1,7.6,51.1,0,1,4,27.3,0,34.27
6.6,91.6,7,6.8,47.4,1,1,4,3.4,1,62.36
4.2,83.4,10,9.0,56.1,0,0,2,18.4,1,59.06
2.0,44.1,0,9.0,47.8,0,1,2,13.8,0,17.99
7.0,82.5,5,8.3,64.2,1,0,3,28.2,1,53.65
5.7,72.6,5,4.6,58.5,1,0,3,4.1,0,55.14
8.0,44.9,10,9.0,99.1,1,1,4,6.8,1,90.15
5.7,67.5,3,8.0,33.9,0,1,4,1.4,1,43.43
8.7,69.1,10,8.2,40.0,1,1,4,13.3,1,69.4
6.0,49.9,10,6.2,33.7,1,0,3,8.7,0,49.02
6.0,96.7,9,9.3,73.8,0,0,4,26.2,0,69.96
8.9,91.0,2,8.4,33.8,0,1,1,18.3,1,44.51
4.6,80.1,10,4.7,88.6,1,1,3,18.6,0,64.47
2.2,67.7,2,6.4,65.8,0,0,1,16.2,1,19.1
1.3,64.7,0,9.3,66.9,0,0,4,3.2,0,28.18
7.8,79.1,2,4.3,69.3,0,1,2,13.6,1,56.15
6.6,72.7,3,9.8,42.0,1,0,1,30.0,0,39.38
7.3,43.7,10,8.1,43.8,1,0,3,25.1,1,51.94
2.9,70.8,10,7.8,52.3,0,0,1,26.9,0,30.84
2.2,88.4,4,5.6,71.5,0,0,3,24.8,0,31.4
1.1,67.6,2,5.5,44.7,0,0,4,3.5,0,22.16
4.2,43.1,5,9.7,38.1,1,0,1,7.2,0,27.46
6.3,87.2,10,5.8,97.9,0,1,2,0.6,1,86.22
4.5,52.1,4,8.7,31.5,0,0,1,9.5,1,19.89
4.9,55.5,2,6.4,86.2,1,1,2,3.7,0,52.69
9.1,49.9,5,4.8,85.2,0,1,3,14.4,1,63.99
4.1,59.8,5,4.1,50.8,1,0,4,20.5,0,36.86
5.6,85.4,7,7.3,39.5,1,1,4,26.3,1,55.67
8.1,71.2,1,9.9,40.2,1,1,2,22.6,0,41.95
4.6,52.3,0,6.2,78.8,0,1,3,28.2,1,33.23
6.6,92.7,3,6.1,75.0,0,0,4,2.1,1,61.05
8.8,92.8,6,6.1,84.8,1,1,3,0.9,0,79.74
9.5,92.2,10,7.1,95.6,0,0,2,20.0,0,83.84
2.3,54.3,9,6.6,78.4,1,1,2,9.0,0,52.24
9.3,67.1,2,9.3,40.9,0,1,1,8.0,0,49.3
5.4,99.1,2,7.0,47.0,1,1,4,10.3,0,50.51
3.3,86.3,4,7.0,89.0,1,1,4,8.5,1,62.76
5.1,41.6,4,4.8,44.7,0,0,1,15.6,0,23.92
9.8,43.9,9,9.9,35.1,0,1,2,13.5,1,59.6
5.4,67.8,2,5.5,79.2,0,1,2,15.6,0,47.19
4.0,94.6,8,4.4,58.2,0,0,2,20.3,1,38.94
6.7,72.3,3,8.0,94.4,1,0,2,11.9,1,50.24
3.2,69.9,2,7.6,75.5,1,0,3,7.9,0,43.99
1.7,46.3,10,6.5,36.3,0,1,4,5.4,0,25.08
2.2,79.4,1,6.5,96.3,0,0,4,10.8,1,45.08
2.2,89.3,9,8.7,48.1,1,0,2,22.4,1,44.01
2.4,62.8,10,5.2,53.6,0,0,2,22.8,0,38.69
2.2,86.5,8,8.9,58.2,0,0,2,20.2,1,45.12
6.8,97.9,3,7.9,33.6,0,0,4,7.4,1,49.19
2.6,52.2,2,6.5,64.8,0,0,4,17.8,1,30.25
4.1,71.4,6,6.7,38.6,1,1,2,17.3,1,41.01
9.1,57.2,7,5.5,58.1,1,0,3,14.8,1,60.47
5.3,87.6,10,8.5,54.5,0,1,1,16.7,1,64.75
7.0,74.7,1,7.1,84.1,1,0,1,15.0,0,48.93
2.6,78.1,6,5.9,86.2,0,0,1,17.2,0,44.58
2.7,87.9,4,7.6,40.7,0,0,4,21.6,0,21.48
1.4,63.8,10,10.0,55.7,0,1,4,3.7,0,48.87
2.5,94.9,4,6.6,56.1,1,0,1,22.6,1,37.13
3.5,72.0,2,9.5,40.6,1,0,1,4.5,0,37.04
2.6,49.5,4,6.1,85.9,1,0,3,2.5,1,39.6
1.8,81.8,1,4.3,79.5,1,0,4,29.3,1,30.93
2.1,87.6,3,5.2,43.3,1,1,4,28.7,0,30.37
5.1,59.0,5,6.5,55.7,0,1,1,2.3,0,42.46
2.9,91.4,0,5.3,37.4,0,1,3,13.6,1,24.48
4.3,94.4,9,4.0,74.0,1,1,3,6.0,0,62.83
5.5,56.6,3,9.5,38.5,1,1,1,14.8,0,31.87
7.2,99.0,5,9.1,99.0,1,0,1,25.0,1,83.11
1.4,48.4,8,8.5,84.6,0,0,4,28.5,1,41.35
8.2,52.1,10,5.0,57.3,1,0,1,19.2,1,60.12
6.7,51.1,10,4.7,70.5,0,1,2,10.9,1,60.6
1.7,93.6,1,4.4,93.8,0,0,3,18.3,1,35.1
8.9,79.3,10,8.3,68.8,1,1,1,9.7,1,87.73
9.3,49.1,6,9.6,42.2,0,0,2,27.3,0,46.96
1.5,66.4,5,6.6,56.5,0,1,3,26.2,0,35.43
3.5,76.9,1,4.7,89.0,1,0,2,17.0,0,36.84
8.3,45.0,7,7.1,75.1,0,0,2,10.1,1,64.63
7.7,92.9,6,6.1,75.6,1,0,1,9.2,1,65.81
2.7,88.2,10,6.2,90.7,0,0,3,1.5,0,66.0
2.9,70.3,4,7.7,92.6,1,1,2,24.6,0,53.87
4.3,98.0,4,8.3,94.4,1,0,4,13.8,0,58.47
5.4,65.1,6,4.7,36.6,0,0,3,10.1,1,34.76
6.6,99.0,8,4.2,68.1,1,0,4,14.4,0,65.63
4.3,80.1,10,10.0,81.8,0,1,1,24.7,0,59.79
5.2,78.1,8,5.4,83.0,0,0,4,4.2,0,65.77
7.7,50.0,8,4.3,72.5,1,0,3,25.8,1,63.28
1.3,92.9,5,5.1,41.7,0,0,2,27.0,0,18.06
3.3,65.6,9,4.2,85.8,1,0,2,28.4,0,49.69
7.4,49.7,5,6.4,80.4,0,0,3,12.2,1,57.53
9.1,40.8,2,8.8,36.0,0,1,2,6.9,1,42.06
5.6,73.6,0,6.0,62.5,1,1,4,11.5,1,42.53
5.8,71.6,6,6.7,42.2,0,1,2,10.3,1,50.07
2.0,83.2,3,8.1,53.6,0,0,2,5.7,1,34.04
5.0,93.4,0,7.1,31.3,0,1,4,18.4,0,30.86
5.8,44.8,7,9.2,58.0,0,0,4,14.6,0,42.79
3.2,83.9,5,9.2,68.5,0,0,4,26.0,1,44.22
3.4,51.2,5,4.1,73.4,0,0,1,1.4,1,36.09
4.4,91.5,1,8.7,76.4,0,0,4,19.5,1,42.42
1.2,89.1,0,6.8,88.5,0,1,4,23.0,1,31.86
3.9,72.4,1,9.9,45.1,1,1,1,22.9,0,26.54
2.9,82.6,3,6.9,38.4,0,1,2,26.6,0,24.04
3.9,58.9,1,9.9,89.6,0,0,4,22.0,1,41.99
2.1,68.3,0,8.5,41.0,1,1,3,27.9,1,15.54
9.0,89.3,6,5.5,98.2,1,1,4,10.3,1,88.34
6.3,67.6,10,7.2,89.0,1,0,4,15.3,1,76.0
7.1,61.5,10,10.0,65.1,0,1,1,0.9,0,67.25
8.1,69.7,7,9.1,98.7,1,0,3,0.7,1,97.7
5.5,89.7,5,4.6,36.8,1,1,2,7.6,1,51.55
1.8,60.1,3,8.2,51.2,0,1,2,3.5,0,30.59
5.8,50.4,5,6.1,74.7,0,1,3,8.2,1,57.91
6.3,82.7,2,4.0,54.5,1,0,4,5.7,0,42.24
7.7,89.6,7,6.4,95.0,1,1,1,1.3,1,81.83
4.9,46.0,9,5.4,34.6,0,1,3,27.3,1,28.09
2.1,54.4,1,8.9,68.5,0,1,3,0.7,0,38.01
3.6,48.5,4,6.0,71.4,0,1,2,22.2,1,32.13
4.3,60.9,0,9.0,75.7,0,0,1,5.0,0,30.22
6.8,67.0,5,4.0,47.9,0,0,3,27.4,0,33.12
6.1,84.9,1,5.8,55.5,1,1,1,26.8,0,37.57
4.2,79.1,3,5.4,89.1,0,1,4,19.8,1,54.62
9.9,77.3,5,5.4,43.6,0,1,2,20.3,1,56.84
6.5,61.1,9,4.4,87.9,0,0,4,0.7,0,64.98
3.1,90.5,10,5.1,69.4,0,1,1,29.6,1,53.54
1.9,68.3,7,7.3,83.4,0,1,4,26.4,1,45.7
2.4,98.7,7,5.7,80.0,1,0,2,26.9,1,51.94
3.2,78.0,10,6.5,44.5,0,0,1,19.9,0,38.99
2.4,47.6,5,6.3,69.8,1,0,3,10.7,0,32.52
2.7,80.6,3,9.3,90.7,0,1,4,26.9,1,49.25
3.6,59.5,7,9.4,60.2,1,0,2,9.1,0,48.48
2.6,81.2,7,7.0,97.7,1,0,3,17.1,1,58.98
9.1,44.2,9,6.0,61.7,0,1,2,3.4,1,64.74
1.7,50.5,0,4.6,40.0,0,0,1,27.7,1,0.0
5.7,91.3,3,9.7,57.3,0,1,1,4.7,0,60.39
4.7,53.6,3,4.4,96.6,0,1,4,7.1,0,54.44
9.8,90.2,6,5.8,52.4,0,0,2,17.0,1,65.1
2.0,56.8,10,5.8,90.8,1,1,2,23.0,0,55.12
4.6,78.6,6,5.9,91.7,0,0,2,18.8,1,52.32
9.7,81.6,10,5.0,54.5,0,0,1,7.3,0,68.15
8.8,70.8,7,8.7,35.8,1,0,4,0.5,0,62.9
8.4,58.3,10,4.7,80.7,0,1,2,22.8,0,68.6
3.3,52.8,4,7.8,51.8,1,0,2,29.6,1,27.63
2.5,42.0,6,4.7,84.8,0,1,3,24.4,1,39.45
7.0,58.2,7,4.4,61.0,1,1,2,14.1,1,55.18
9.4,79.2,8,9.5,64.0,0,1,4,27.2,0,73.33
6.0,96.3,2,5.1,84.5,1,0,3,12.6,1,56.83
6.1,92.3,2,8.9,56.8,1,1,3,16.0,1,55.17
3.5,86.0,3,7.3,61.0,0,1,3,14.6,1,49.14
7.9,87.3,4,4.5,56.3,0,0,1,13.7,1,51.77
2.7,79.9,9,9.7,55.7,0,0,3,23.4,0,43.43
3.9,55.6,0,5.5,66.8,1,1,2,16.0,0,38.01
4.8,94.4,6,9.2,86.6,1,1,1,9.8,1,66.85
5.6,80.2,8,5.0,55.3,1,0,1,8.1,0,47.34
3.2,73.6,7,9.1,66.7,0,1,1,1.6,0,57.65
2.0,46.7,4,4.1,77.0,0,1,1,17.7,0,25.34
6.5,66.8,3,7.1,48.9,1,1,1,7.3,0,43.57
3.6,67.6,6,8.6,49.4,0,1,1,4.9,0,33.91
6.2,91.9,4,9.6,95.3,1,0,1,19.8,1,72.68
2.4,72.8,6,9.5,80.6,0,1,3,20.6,0,50.9
5.3,62.8,0,8.9,70.4,0,0,4,22.7,1,34.54
5.8,98.6,0,9.3,75.3,1,1,2,15.4,1,59.22
1.5,46.6,9,5.2,32.1,0,0,2,26.9,1,12.86
4.0,65.4,2,5.7,73.3,0,1,3,28.1,0,34.76
2.2,42.5,10,5.7,65.7,0,0,3,24.3,0,27.91
1.6,84.4,1,6.3,68.2,0,1,1,19.3,0,31.19
9.9,95.1,1,6.4,55.2,0,0,4,9.5,0,62.9
3.9,56.8,6,7.3,35.7,1,1,1,29.5,1,27.28
8.3,91.5,9,5.0,43.5,0,1,3,8.6,1,65.97
3.3,57.5,1,8.1,96.6,1,0,1,6.5,1,46.69
7.1,94.6,10,5.0,58.6,0,0,2,13.5,0,59.47
7.8,85.2,3,5.9,62.7,0,0,2,2.2,1,55.26
6.4,88.3,1,7.0,33.7,1,0,1,29.4,1,30.33
5.2,41.1,5,8.8,32.6,1,0,4,17.9,1,40.15
4.7,97.8,7,8.4,80.2,0,1,1,16.9,0,66.4
4.1,83.6,9,7.9,67.7,0,0,1,19.8,1,57.16
9.4,58.3,3,4.9,65.6,1,0,4,15.2,1,60.79
8.5,89.8,4,7.3,47.0,1,1,4,1.4,0,61.7
9.7,56.9,3,4.5,82.1,1,0,4,18.6,1,65.22
2.1,92.4,2,6.3,41.8,1,0,2,21.6,0,26.79
7.6,46.8,4,6.5,43.3,0,0,1,12.8,1,30.43
9.4,82.2,8,4.2,62.2,0,1,3,22.8,0,68.85
2.6,72.4,7,5.6,50.0,0,0,4,7.2,0,45.9
1.6,45.8,7,9.7,47.3,0,1,4,7.0,0,37.05
7.7,54.5,7,9.7,75.2,0,1,1,5.3,1,73.95
6.2,40.7,7,6.1,75.6,1,0,3,11.5,1,57.42
8.6,68.1,6,4.3,87.7,1,1,1,25.5,0,70.46
2.3,58.1,7,5.1,59.2,1,0,1,24.9,0,25.09
8.2,75.9,10,6.4,35.1,0,0,4,11.8,0,60.81
2.8,57.8,7,9.7,49.2,1,0,4,17.9,0,41.38
2.5,58.0,7,4.8,98.6,0,0,2,21.8,0,44.85
2.5,84.6,9,8.6,71.7,0,0,3,7.6,0,60.12
8.3,42.9,6,4.7,79.7,0,1,3,5.5,0,58.63
7.0,94.2,0,9.9,30.5,1,1,4,29.2,0,40.11
5.7,91.1,3,6.3,66.3,0,1,4,18.7,0,51.79
4.2,80.1,3,8.7,32.6,0,1,4,29.5,0,23.7
8.9,75.6,4,6.1,69.8,1,0,3,10.5,0,65.62
4.5,93.5,9,7.8,94.5,0,0,2,21.2,0,59.76
8.3,51.1,5,5.2,97.8,1,1,3,7.1,1,80.22
5.0,44.7,3,4.9,67.8,0,0,4,8.2,0,35.61
4.4,54.4,1,9.6,62.1,1,1,4,15.6,1,40.61
5.2,87.7,5,9.5,96.2,0,1,2,9.9,1,68.45
3.7,42.1,7,9.3,77.2,0,1,1,5.4,1,49.0
7.7,75.0,7,7.8,34.5,1,1,1,8.3,0,57.17
5.5,99.7,6,8.8,62.6,0,0,3,1.6,1,66.62
3.1,91.3,5,4.4,46.8,1,0,1,21.3,0,27.68
9.1,71.3,1,6.0,62.9,0,1,1,15.0,1,48.14
4.5,43.8,6,5.9,61.9,1,1,3,3.3,0,48.7
5.9,89.9,10,7.8,70.8,0,1,4,5.6,0,71.69
9.2,75.9,4,6.1,55.0,0,1,1,3.5,1,60.44
6.6,46.9,5,4.9,41.5,0,1,4,18.6,1,38.08
2.1,45.6,9,7.6,65.3,1,0,3,3.3,0,45.58
9.5,94.6,7,8.9,88.1,1,1,4,22.8,1,96.93
6.6,80.2,7,6.3,76.5,1,1,4,1.1,0,69.23
4.0,89.8,2,4.8,53.7,1,0,3,7.9,0,30.04
2.3,92.7,6,5.2,95.5,1,0,4,26.8,0,52.62
8.1,74.3,0,5.4,93.9,0,0,1,21.7,1,61.48
6.6,71.0,0,5.8,44.7,0,0,1,2.7,0,38.88
5.8,65.8,6,7.9,32.8,0,0,1,24.7,0,37.06
9.0,59.0,9,7.6,81.9,0,0,1,15.0,0,68.62
8.1,66.1,8,8.2,87.9,0,0,4,25.5,0,63.01
2.4,86.4,6,6.2,97.8,1,0,1,18.2,1,46.62
3.8,76.1,9,8.9,92.3,0,0,4,20.6,1,63.75
3.2,93.6,4,5.2,72.0,1,1,2,29.8,1,45.21
7.7,66.6,7,6.8,67.1,0,0,4,7.4,1,70.46
1.3,76.4,1,8.8,31.9,1,1,1,18.9,0,18.41
6.1,77.9,8,5.1,47.3,1,1,2,14.1,0,53.89
7.9,75.5,5,4.7,62.2,1,1,3,1.7,0,60.21
8.9,82.2,8,9.3,74.0,0,1,4,0.9,0,80.34
4.1,54.2,1,6.1,69.0,0,1,1,4.0,0,33.19
8.4,70.7,2,8.1,82.0,0,1,1,19.6,0,60.78
2.0,46.3,7,4.2,49.6,0,1,1,17.2,1,24.37
8.6,63.1,0,8.1,69.5,1,1,3,16.8,0,50.87
2.1,69.3,9,5.9,36.2,1,0,2,1.4,0,37.76
4.6,79.1,6,4.3,59.0,1,1,2,14.3,0,49.09
8.2,97.0,6,7.7,82.5,1,1,1,27.8,1,72.04
2.3,76.0,0,5.4,78.5,0,1,4,12.2,0,31.06
3.1,84.6,8,6.3,99.3,1,1,1,18.9,0,67.02
7.5,70.4,7,4.5,49.5,0,0,1,23.5,0,41.11
7.5,78.0,3,4.9,64.9,1,1,4,23.6,1,64.36
6.8,44.3,9,5.8,53.1,1,0,1,15.8,0,48.87
7.2,55.3,10,4.5,60.8,1,0,3,25.8,0,52.84
5.9,61.7,4,9.5,90.0,0,1,1,12.0,1,60.6
3.3,68.3,1,4.0,77.9,0,1,3,26.7,0,30.2
4.1,42.7,8,6.9,91.8,1,0,1,7.6,1,54.19
2.6,48.4,5,4.7,44.2,1,1,2,8.8,0,21.56
9.2,56.6,2,5.8,91.1,1,1,4,2.1,1,78.29
6.3,98.3,6,9.6,34.2,0,0,2,24.0,0,47.98
4.6,59.9,8,5.0,92.2,0,0,1,12.8,0,55.47
5.2,68.9,2,9.8,53.0,0,1,1,7.3,1,48.25
9.5,51.8,1,5.2,52.0,1,1,3,7.3,0,47.32
2.4,76.6,6,8.4,65.8,0,1,1,27.1,0,43.73
6.3,56.8,6,7.3,95.8,1,0,1,25.1,1,57.78
5.6,52.4,3,9.3,33.3,0,1,1,16.8,0,21.95
6.5,71.0,10,7.3,54.7,1,0,2,18.7,1,53.3
1.2,40.3,8,7.2,90.0,1,0,3,14.5,0,41.88
8.8,40.5,7,5.2,57.7,0,1,2,12.1,1,52.35
9.4,53.1,0,5.0,43.9,1,0,3,27.5,0,36.34
6.1,42.2,0,9.5,59.7,1,1,2,4.2,0,41.47
7.3,46.5,4,6.0,57.0,1,1,1,12.8,1,42.18
9.3,60.3,5,6.2,94.1,0,0,2,10.7,0,67.09
7.4,88.2,2,8.6,83.3,1,1,2,15.2,1,68.28
2.4,74.3,8,6.0,65.4,0,0,3,14.0,1,36.28
6.2,70.8,9,9.7,99.2,0,0,3,15.8,1,73.63
6.5,57.6,5,8.4,62.6,1,1,2,4.6,0,53.1
4.8,95.9,3,7.6,34.1,0,1,3,15.6,0,42.74
7.6,63.8,6,9.3,48.4,1,1,3,7.7,0,60.8
9.4,45.2,7,4.3,60.5,0,1,3,5.9,1,64.44
9.3,77.0,8,5.5,41.0,1,0,4,2.4,1,62.46
5.1,46.8,10,6.8,96.3,0,0,3,23.0,1,67.28
2.0,60.7,5,5.4,83.7,1,0,4,13.1,0,48.41
9.9,70.4,5,8.5,48.8,1,1,4,19.0,1,59.47
8.6,92.5,7,9.5,71.4,1,0,3,22.0,0,72.78
2.1,69.6,4,6.5,80.5,1,0,2,20.5,0,40.07
9.3,82.1,2,6.1,95.9,0,1,3,14.4,0,75.18
8.8,99.6,2,9.8,91.7,0,1,1,11.9,0,72.88
5.7,47.9,5,6.7,66.1,1,1,2,11.6,0,46.59
6.3,56.5,1,6.9,84.2,0,0,4,19.4,0,42.57
4.6,63.7,5,6.1,69.4,1,1,4,15.1,0,51.19
1.5,65.3,5,9.5,68.7,1,0,2,25.5,0,39.01
4.0,64.7,7,7.4,38.0,0,0,2,26.3,1,26.42
8.2,94.5,6,8.6,38.8,0,0,3,5.5,0,62.92
1.0,82.8,7,8.9,67.1,1,0,4,4.5,0,46.1
4.0,76.5,8,6.1,48.8,0,0,1,19.1,1,35.01
4.6,58.6,5,6.6,31.5,1,1,3,9.4,1,40.22
5.8,89.4,2,9.1,80.6,0,0,2,1.0,1,64.72
9.3,97.3,9,6.2,32.3,0,1,4,26.7,1,68.38
4.1,89.3,2,8.8,71.7,0,0,2,7.2,0,39.97
4.1,40.1,10,9.6,67.7,0,0,2,27.9,1,42.9
7.6,78.2,0,7.7,97.8,0,1,2,21.7,1,65.88
5.1,43.1,10,8.4,63.9,1,0,3,23.0,1,53.87
3.0,55.5,4,8.8,34.5,0,0,1,6.4,1,17.61
5.1,43.6,3,9.1,68.6,0,1,1,7.4,0,41.82
2.3,76.2,8,6.4,88.9,1,1,4,15.9,1,59.93
2.6,81.2,8,4.3,99.8,1,0,2,5.6,1,71.95
5.5,46.9,4,6.4,60.1,1,0,1,9.5,1,46.94
4.8,63.0,9,8.0,52.4,0,0,2,10.0,1,51.2
9.2,67.4,3,6.7,93.5,0,1,4,5.2,0,80.36
4.3,62.1,6,8.5,43.4,1,0,2,6.6,1,42.55
6.2,47.3,5,6.1,73.1,1,1,1,23.8,1,52.25
6.7,65.1,3,7.8,58.4,1,1,2,5.4,1,61.02
1.1,85.1,9,5.1,32.9,1,0,1,1.3,0,32.51
7.0,44.3,1,8.5,54.3,0,1,4,19.1,1,38.64
2.6,44.8,0,7.3,48.6,0,0,2,29.3,1,0.41
9.6,61.3,3,5.2,78.0,0,0,1,10.3,0,55.91
2.3,96.5,3,5.8,96.4,0,1,4,4.0,1,63.21
4.7,80.1,0,8.5,48.8,0,1,2,17.3,0,34.95
1.8,80.7,5,6.9,86.8,1,1,4,27.2,0,51.53
10.0,61.7,3,5.3,33.9,0,1,1,23.6,1,38.49
5.5,75.6,0,9.8,67.7,1,1,2,18.9,1,40.42
6.4,40.6,0,8.3,34.9,1,1,2,9.8,0,25.1
1.6,78.2,0,9.7,95.4,1,0,2,16.5,0,40.28
7.7,94.8,7,6.6,83.6,0,0,4,3.2,1,79.22
2.9,76.8,9,6.9,76.1,1,0,4,20.5,0,57.99
9.1,92.4,7,9.4,87.7,0,1,1,21.9,0,88.69
2.8,83.4,1,7.2,75.3,1,1,3,29.0,1,41.8
2.7,47.2,10,8.2,97.8,0,1,2,8.2,0,58.51
1.3,94.1,6,5.5,80.0,1,0,2,1.0,0,49.4
5.2,44.0,7,6.7,94.7,0,0,1,16.6,0,51.32
6.1,72.0,7,4.7,66.2,1,1,2,21.4,0,50.89
1.6,48.5,10,5.2,38.2,1,1,4,23.8,0,29.41
8.0,40.7,9,4.0,67.0,1,1,4,6.2,0,66.87
5.1,65.3,10,4.2,38.9,1,1,2,8.2,1,50.81
5.7,57.7,6,9.9,71.5,0,0,2,15.6,0,52.25
5.0,69.2,4,5.5,63.8,0,0,4,10.3,1,46.98
4.6,74.6,0,8.0,73.6,0,0,2,25.9,1,28.18
6.0,42.6,8,9.0,30.7,1,1,4,14.5,1,49.5
2.4,47.4,6,7.3,43.6,1,0,3,24.1,1,22.96
2.6,73.5,1,4.9,64.4,1,1,3,17.6,1,29.26
8.8,60.6,5,8.4,96.5,1,1,2,23.3,1,72.21
9.5,83.8,1,7.6,56.9,1,1,2,10.3,1,65.28
4.4,79.1,0,8.4,59.7,1,0,2,25.0,1,34.37
3.4,90.7,6,8.6,80.0,0,0,4,8.6,0,50.73
6.8,81.5,1,9.9,72.3,0,1,3,16.6,1,59.61
4.7,65.8,1,7.4,50.9,0,0,3,6.8,1,27.01
1.2,80.4,10,6.0,58.8,0,1,1,14.5,1,42.89
2.4,56.5,4,7.9,45.2,0,1,1,9.9,0,24.06
7.4,58.4,4,4.4,97.6,0,1,2,8.4,1,68.6
6.9,87.3,6,9.4,39.1,0,0,4,29.0,0,54.72
1.2,66.8,0,4.7,56.0,0,0,2,5.2,1,10.04
3.0,87.9,7,6.0,31.8,1,1,3,23.7,1,37.39
3.1,89.3,2,8.9,45.5,1,0,2,29.5,0,26.76
7.0,91.5,3,7.6,84.6,1,0,2,1.1,1,73.82
1.2,95.0,8,6.4,44.1,1,0,3,21.1,0,36.57
1.9,65.9,3,6.8,35.6,1,0,3,8.0,0,19.41
8.2,59.1,9,9.1,63.2,1,1,3,1.7,1,76.13
2.6,74.9,4,6.0,30.7,1,0,3,12.4,1,21.45
6.9,62.3,6,9.2,35.9,0,1,1,28.1,0,41.73
3.1,76.1,3,4.5,86.5,0,1,4,0.8,0,51.68
1.9,82.3,0,8.7,84.0,1,0,4,17.8,1,47.01
3.2,81.3,8,9.1,94.1,0,1,3,15.3,1,66.37
7.5,62.5,3,5.1,89.8,0,1,4,26.3,1,56.4
8.7,50.0,8,6.6,77.8,0,0,4,3.0,0,64.8
8.5,65.8,5,5.0,33.7,0,1,4,20.6,1,47.37
4.6,48.6,0,8.2,84.8,0,1,4,20.6,0,34.83
7.0,93.4,2,7.2,89.2,1,0,3,20.2,1,75.17
2.8,60.8,10,7.8,85.9,0,0,2,28.3,0,42.64
3.6,49.3,1,5.2,65.6,1,0,2,24.8,0,23.51
9.1,41.5,8,5.3,46.3,1,0,2,1.7,1,64.36
1.1,78.7,0,4.2,89.2,1,0,1,14.4,0,31.79
1.8,78.2,8,5.9,80.9,0,1,4,12.2,0,52.6
2.9,60.4,8,7.4,98.7,1,1,3,9.6,0,60.09
1.2,44.3,7,9.1,40.9,1,0,3,13.8,0,18.53
2.6,64.6,7,8.0,45.8,1,0,1,11.8,0,36.47
6.2,58.7,10,6.6,44.8,1,1,3,13.3,1,64.24
4.8,80.6,0,9.7,85.5,0,0,2,29.4,1,42.34
9.0,76.3,10,8.3,43.1,1,0,1,3.1,0,63.75
8.4,61.9,7,9.6,34.7,1,1,3,27.7,1,44.92
4.1,53.1,9,7.2,99.9,1,1,1,14.7,0,60.12
3.3,99.3,2,5.6,31.7,1,1,1,18.9,0,25.74
4.4,67.2,10,4.3,88.5,0,0,3,25.0,1,64.67
6.3,81.3,6,8.4,55.6,1,1,2,11.1,0,61.9
3.4,48.4,10,4.7,88.9,1,0,3,13.2,0,56.46
6.6,69.1,0,5.8,68.8,1,1,4,12.6,0,47.42
4.7,41.7,0,7.2,93.1,1,0,4,11.6,1,44.18
6.0,70.3,9,7.4,94.8,1,0,3,27.8,1,78.53
4.9,97.8,4,7.6,30.6,1,0,2,25.0,0,35.46
3.7,63.1,4,5.0,35.3,0,1,4,3.7,0,19.53
9.5,42.3,7,6.3,47.5,1,1,4,3.7,0,59.26
7.9,41.9,6,7.7,76.9,0,1,3,13.1,0,55.72
2.3,63.3,7,9.8,92.2,0,0,3,3.4,0,53.11
8.8,49.6,5,8.4,62.2,1,1,3,18.8,1,64.79
5.4,41.4,5,9.5,72.5,0,1,1,4.7,1,49.91
9.1,85.4,1,8.6,43.2,1,0,1,15.9,1,50.88
8.2,67.5,5,7.6,86.3,0,0,1,0.7,1,74.91
4.8,57.4,4,5.2,97.7,1,1,3,9.8,0,55.7
1.2,94.0,2,8.0,48.8,0,1,2,20.5,0,32.12
3.4,47.0,5,7.7,64.6,0,1,4,14.8,1,37.42
5.9,97.4,7,7.6,36.0,1,0,1,29.4,1,46.97
6.7,58.8,8,6.9,69.1,0,1,2,26.3,0,52.3
3.3,93.3,0,7.2,65.2,0,0,3,11.1,1,38.12
2.3,76.2,2,6.0,40.1,0,0,1,1.8,0,20.34
8.5,89.6,2,7.1,60.9,0,1,3,25.4,0,56.13
9.9,99.0,10,5.2,53.4,0,1,2,27.4,0,67.99
5.7,57.3,7,8.8,66.5,1,0,1,24.7,1,46.41
2.5,97.7,0,5.1,71.0,0,0,1,4.3,1,45.22
3.5,63.4,4,4.5,30.6,0,1,1,29.9,1,12.61
1.2,63.1,2,6.6,83.3,1,1,1,8.1,1,41.13
9.2,60.4,1,7.9,79.9,1,1,2,21.9,1,55.7
2.1,72.5,7,6.6,55.6,1,0,1,27.3,0,29.66
6.2,49.2,2,5.7,33.7,0,0,4,7.5,1,27.78
3.5,73.2,6,7.3,82.8,0,1,4,27.3,0,52.38
6.0,72.5,10,6.1,96.9,0,0,3,9.6,0,61.77
6.9,85.7,0,9.6,46.8,0,0,1,29.3,0,33.25
8.5,90.0,5,9.5,52.6,1,1,4,8.8,1,69.25
2.9,66.4,2,7.0,42.9,1,0,4,28.6,1,25.08
1.1,58.1,7,6.0,70.4,0,1,4,2.1,1,38.87
2.2,55.6,5,8.4,40.8,0,1,2,21.4,1,19.89
9.1,51.7,1,4.2,54.9,0,0,1,16.2,1,36.06
8.9,43.5,5,6.8,78.8,0,0,2,14.6,1,53.96
6.4,60.5,6,6.0,69.2,1,1,2,7.1,1,58.5
6.4,56.2,4,9.5,57.1,1,0,4,21.3,1,44.81
7.0,98.0,2,4.1,59.4,0,1,4,6.1,0,46.4
2.6,73.5,3,7.3,69.3,1,0,3,16.8,1,44.76
9.2,60.8,3,8.4,30.4,0,0,1,8.0,0,33.64
4.8,74.8,5,6.9,35.5,0,0,1,28.7,0,23.62
4.4,48.4,9,4.5,91.7,1,1,4,1.3,0,69.52
5.7,66.6,0,9.8,35.5,0,0,4,6.4,0,27.91
1.4,77.6,10,7.1,79.5,1,1,1,7.6,1,55.48
2.5,69.3,3,7.7,94.4,0,1,3,12.7,1,51.36
7.6,64.1,9,5.4,48.9,1,1,4,7.4,0,68.15
1.7,99.6,3,6.9,55.9,0,0,3,15.0,0,26.45
6.4,92.8,9,6.6,69.8,1,1,2,26.2,0,67.15
3.2,77.4,0,4.4,91.7,0,1,4,21.5,1,34.79
4.5,74.2,8,4.6,95.9,0,0,2,17.6,0,55.79
3.6,77.2,3,9.0,81.8,1,1,4,3.1,0,59.31
4.2,52.1,6,5.4,36.1,0,1,2,21.0,1,22.84
7.5,63.7,2,5.2,76.8,1,0,4,5.4,0,55.11
3.7,42.4,9,7.0,58.7,1,1,3,23.7,1,39.11
6.1,68.5,2,8.6,62.9,0,0,3,7.9,1,47.86
5.3,72.6,7,4.4,33.4,0,1,3,12.8,0,41.82
7.0,53.7,7,7.5,43.4,0,1,2,10.8,0,41.21
9.4,97.8,10,4.7,85.3,0,0,3,25.8,0,78.24
7.6,94.6,0,4.2,61.8,1,1,2,4.2,1,58.92
2.9,83.3,9,4.3,51.1,0,1,4,17.2,1,50.92
1.3,72.0,1,9.0,56.9,0,1,2,4.7,1,22.63
3.4,92.2,7,4.7,89.8,0,0,4,21.3,0,54.85
6.4,47.8,0,4.3,82.4,1,0,1,27.2,0,35.12
1.5,87.4,7,6.6,49.1,0,0,1,13.3,0,29.59
5.5,47.5,7,9.1,38.2,1,0,1,14.9,0,26.06
6.4,87.7,1,5.6,47.6,0,0,2,27.9,0,32.75
4.0,56.5,3,6.5,94.5,1,1,1,15.9,0,54.94
7.9,92.6,5,4.2,70.7,0,0,1,14.9,1,59.83
2.0,96.6,10,6.7,67.3,0,0,1,17.6,1,45.53
1.7,48.9,8,7.5,71.7,1,0,4,20.8,1,40.58
7.6,67.8,7,7.4,55.6,0,1,3,3.7,0,68.39
5.5,98.9,7,6.0,86.5,0,1,2,24.7,1,70.91
7.2,69.0,6,5.9,66.6,0,0,1,13.3,1,56.23
4.9,91.8,8,4.6,38.2,1,1,4,2.6,1,58.69
3.2,75.3,1,6.2,39.0,0,1,3,23.7,0,15.78
8.4,62.5,2,4.6,67.6,1,1,3,11.6,0,54.16
8.2,57.1,9,8.6,95.6,1,1,3,3.5,1,89.75
7.3,52.2,7,9.8,51.6,1,0,4,19.2,0,56.97
3.4,85.7,5,9.8,90.9,0,0,1,26.5,0,56.54
6.3,63.2,9,9.2,83.5,1,1,3,26.7,0,74.9
4.2,70.7,8,7.6,47.3,1,1,4,28.8,0,39.55
1.8,69.5,9,8.2,32.5,0,1,4,26.1,1,33.13
9.3,74.6,3,5.7,37.1,1,1,2,0.6,0,57.2
2.2,91.9,7,7.8,81.0,1,0,4,11.7,1,63.86
9.6,98.8,9,6.7,44.0,0,1,3,24.6,1,68.28
5.0,64.5,2,6.9,56.0,0,0,3,11.3,0,45.92
2.7,89.7,2,8.5,65.1,1,1,4,18.2,0,38.96
5.9,85.9,7,5.7,80.8,0,0,3,18.4,0,55.37
8.9,74.4,4,5.9,37.9,0,1,4,11.3,1,54.41
7.6,97.4,2,9.5,58.4,0,0,3,27.2,1,62.92
8.3,52.0,9,4.3,64.0,1,0,2,15.3,1,57.97
6.9,46.6,10,6.9,67.9,1,0,1,14.2,1,59.62
7.2,91.2,0,9.5,87.3,0,1,2,29.9,1,64.14
8.6,66.3,2,7.7,42.0,1,0,2,15.1,1,46.5
3.2,90.8,8,7.3,86.5,0,1,1,5.8,1,63.1
5.4,93.6,4,5.5,78.5,0,0,3,15.6,0,55.85
3.0,43.7,9,6.1,68.9,0,0,1,24.5,1,36.29
9.9,93.0,1,9.1,79.0,0,1,4,23.4,1,77.86
9.5,66.9,6,7.4,58.8,0,0,1,23.8,1,62.27
1.4,70.6,1,7.1,39.7,1,1,2,21.4,1,19.46
7.4,77.6,3,4.6,76.6,1,1,1,8.0,0,60.48
9.3,95.6,6,4.1,66.7,1,1,3,25.9,1,73.71
2.6,41.1,3,9.8,74.8,1,1,2,26.9,1,37.78
6.1,68.6,6,6.3,53.7,0,0,4,6.2,0,48.94
9.2,81.3,6,7.6,93.5,0,0,3,4.3,0,81.3
1.3,83.4,0,4.5,71.1,1,1,2,29.3,1,31.7
7.3,81.6,5,8.1,36.0,1,0,4,26.1,1,56.3
3.7,48.1,8,9.6,61.5,0,0,3,26.9,1,34.11
9.3,58.0,1,7.5,82.9,0,1,4,26.6,1,60.53
9.7,61.5,2,4.8,85.6,0,0,1,16.5,1,55.04
9.5,88.3,9,7.5,64.6,1,1,1,19.6,1,78.94
5.3,56.7,4,8.6,92.6,0,0,4,16.6,0,56.2
8.8,52.6,8,6.4,48.7,0,0,1,2.0,0,56.17
8.6,97.4,3,9.3,58.7,1,1,4,22.5,1,69.72
3.9,40.5,0,7.9,92.9,1,0,3,15.4,1,33.2
8.5,99.9,3,9.4,92.7,1,0,2,19.6,1,75.54
1.3,80.6,5,7.7,78.0,0,1,4,15.3,0,48.12
6.4,89.7,4,4.8,90.1,0,0,2,15.0,1,49.75
3.1,57.7,0,5.9,36.2,1,1,2,5.6,0,23.35
2.1,40.9,3,5.2,90.5,0,0,4,8.7,0,35.7
1.7,84.3,5,9.5,52.4,0,1,1,5.2,1,44.87
7.3,90.0,9,8.6,42.5,0,1,3,6.3,0,64.17
4.1,84.4,9,8.1,46.8,1,1,2,29.2,1,41.99
7.5,48.6,3,5.8,59.3,1,1,3,5.0,0,52.03
1.6,85.2,8,5.1,47.6,0,1,2,8.4,1,43.86
3.8,86.1,4,8.5,52.4,0,0,4,17.9,1,45.65
5.9,79.5,7,6.8,39.4,0,0,1,18.5,0,35.97
8.1,86.0,8,5.4,50.7,0,1,3,5.0,0,64.99
3.9,90.8,9,7.7,70.1,1,0,2,23.9,0,54.72
6.6,76.8,4,4.2,60.9,1,1,4,23.7,1,49.91
9.0,45.3,5,6.0,54.3,0,0,4,7.5,0,54.71
6.5,69.3,0,6.8,82.3,0,0,2,9.0,0,41.22
3.1,44.7,10,4.9,92.5,1,1,2,28.2,1,50.5
1.2,64.5,6,9.9,83.0,0,1,2,24.9,1,38.4
8.8,64.4,3,5.3,53.2,1,0,1,21.1,0,38.11
1.2,44.0,10,4.8,82.1,0,0,2,2.9,0,41.06
8.9,60.9,1,5.2,40.6,1,1,2,12.8,0,46.55
5.8,46.7,4,8.6,39.1,0,0,1,17.0,1,27.82
9.5,88.5,2,6.6,54.2,0,0,4,6.0,1,55.07
8.2,96.9,5,7.4,86.5,1,1,2,13.7,0,82.8
10.0,44.3,7,4.1,47.2,1,0,3,18.2,1,62.01
4.2,97.3,6,4.2,34.4,0,1,4,10.2,0,37.5
7.9,71.4,2,6.7,39.2,0,1,3,23.5,0,35.99
4.6,58.0,7,8.9,90.1,1,1,2,25.3,1,64.28
5.3,44.6,1,9.3,74.4,1,0,1,10.0,0,46.49
6.6,70.0,9,4.5,47.7,0,0,1,25.2,0,39.38
8.9,87.7,8,7.2,68.9,0,1,1,3.6,1,72.36
9.9,82.4,3,9.5,66.9,1,1,2,25.2,0,70.77
7.9,43.0,0,6.3,75.9,1,0,2,5.0,0,50.13
4.8,44.4,7,9.0,46.3,1,0,3,2.9,1,46.24
4.8,64.2,6,4.8,90.5,1,0,1,19.4,0,49.32
7.6,57.7,10,9.6,51.7,1,1,2,14.4,0,69.18
3.1,53.9,4,8.5,78.6,0,1,4,27.3,1,44.12
2.0,56.9,9,9.6,31.1,0,0,2,11.2,1,25.85
4.2,88.2,4,8.1,56.1,1,0,2,9.0,1,48.94
3.6,95.8,6,6.2,54.6,0,0,4,15.3,0,38.2
3.7,64.3,4,9.6,68.0,0,1,1,14.0,1,46.15
3.1,94.4,7,5.7,35.1,1,1,4,10.7,0,42.72
1.4,59.3,10,6.0,85.3,0,0,1,21.0,1,41.58
1.2,68.6,5,8.2,45.2,0,0,4,22.9,0,21.6
9.9,53.6,4,8.6,77.4,0,1,3,25.7,0,63.2
4.8,78.4,8,9.6,86.2,1,1,1,29.2,1,70.6
4.5,98.7,10,5.2,69.3,1,0,2,8.4,0,67.41
7.1,76.2,1,8.8,81.9,0,0,3,21.6,0,51.83
3.0,61.5,0,8.4,76.3,0,0,1,12.1,1,34.01
9.5,78.9,7,4.4,54.9,0,1,1,20.5,0,59.88
8.1,47.4,2,6.3,86.6,0,0,1,14.5,0,46.74
1.8,93.3,10,5.7,50.6,0,1,4,29.8,0,40.8
4.8,70.2,6,5.8,70.0,0,1,1,22.0,1,45.97
8.9,67.0,9,9.9,82.2,1,0,2,28.6,1,80.61
9.5,75.2,10,7.9,56.5,0,0,1,25.1,1,65.18
5.2,77.5,7,8.3,51.2,0,1,2,27.1,1,45.66
6.5,44.3,5,9.9,62.2,1,0,2,24.5,1,56.09
2.5,81.0,9,6.3,87.3,0,1,2,14.0,1,63.48
9.9,54.5,8,8.8,95.1,0,0,3,7.9,1,81.53
3.1,82.8,6,6.6,68.2,0,0,2,11.4,1,48.1
9.5,89.4,9,9.2,76.3,0,0,4,1.1,0,88.82
6.8,88.2,4,5.1,93.2,1,0,1,16.0,0,65.59
6.5,73.2,7,9.7,36.9,0,1,4,15.4,0,51.58
5.6,71.2,1,5.3,46.2,1,1,3,16.0,0,40.19
3.1,48.6,6,6.0,79.6,0,1,1,29.2,1,38.02
2.6,86.5,3,8.5,87.7,0,0,2,27.4,0,41.08
3.0,56.3,8,6.4,90.0,1,1,1,5.3,0,61.13
2.7,69.8,0,7.6,59.1,0,1,3,11.4,0,28.43
8.0,57.1,6,6.7,36.3,1,1,3,13.0,0,50.02
4.2,48.0,5,8.5,60.6,1,0,4,11.1,0,43.78
1.5,77.8,7,5.4,46.2,1,1,1,24.1,1,30.97
9.7,43.3,4,4.4,50.4,0,0,1,16.0,1,42.06
9.0,84.9,0,5.8,84.1,0,0,1,17.4,0,52.52
9.3,59.1,0,6.8,35.3,0,1,4,25.7,0,31.86
10.0,40.0,8,5.0,87.9,0,0,3,24.3,0,61.17
2.6,70.7,9,6.1,59.9,1,1,2,4.4,0,43.89
4.6,42.8,5,6.4,71.7,0,1,1,21.6,1,34.29
7.8,56.6,9,4.3,36.3,0,1,4,13.3,0,48.45
7.3,82.4,4,7.5,53.6,1,1,4,9.2,1,63.7
2.4,43.8,0,9.3,36.3,1,1,2,2.0,0,16.35
8.3,90.4,5,4.9,97.3,0,0,3,14.9,1,65.63
3.0,40.2,5,7.6,86.5,1,1,1,11.0,1,53.59
3.0,54.8,2,8.0,62.2,1,0,1,7.9,1,36.95
5.8,84.5,7,6.5,45.7,1,1,4,21.0,0,55.43
6.3,59.0,0,8.2,95.3,1,1,3,23.2,0,62.83
6.2,46.1,0,6.5,54.1,1,1,1,7.7,1,31.39
1.8,61.6,5,7.0,41.3,0,0,2,2.0,0,30.46
8.9,56.2,9,4.0,69.4,0,0,3,25.5,0,54.11
3.4,90.6,0,8.2,96.1,0,0,3,0.8,1,56.02
2.2,58.8,5,8.0,30.3,0,0,4,28.1,0,9.16
9.0,87.3,0,4.2,46.7,0,1,4,19.0,1,47.87
9.6,93.5,5,6.2,95.7,0,1,1,10.0,0,82.89
8.8,66.0,2,9.9,42.0,0,0,4,7.8,0,48.0
8.3,94.6,7,6.5,37.9,1,0,3,0.8,1,69.6
6.9,62.6,5,7.0,69.9,0,0,1,7.4,1,53.67
6.0,97.8,10,9.5,90.3,0,1,1,4.6,1,83.7
1.8,45.4,0,8.3,63.4,0,0,3,18.6,1,15.05
4.7,81.2,4,7.5,99.6,1,0,1,5.4,0,66.86
4.4,69.6,7,8.8,77.5,0,1,2,16.1,0,52.15
3.3,63.3,2,9.2,35.2,0,0,2,17.9,0,21.09
7.5,78.0,5,6.7,99.5,1,1,1,9.3,1,83.9
5.5,82.2,4,6.9,58.6,0,1,4,1.5,0,46.26
1.7,40.3,5,6.3,50.1,0,1,2,1.6,0,27.37
3.0,50.0,9,9.8,69.1,1,1,1,1.3,0,62.64
7.1,82.8,0,8.2,51.3,0,1,2,22.3,1,43.42
1.7,80.0,6,4.5,36.1,1,0,4,9.9,1,33.81
8.7,98.0,8,9.2,30.1,0,0,3,24.0,0,61.28
5.5,85.7,1,6.9,61.5,0,1,1,13.2,0,39.44
5.3,97.0,9,4.4,88.6,0,1,1,13.9,1,71.52
6.3,82.2,4,7.3,70.1,1,0,1,15.6,1,50.6
8.4,57.9,9,6.5,99.9,1,0,1,21.5,1,78.62
4.1,46.3,3,9.3,50.1,1,1,1,8.6,1,37.89
7.1,86.9,5,5.2,49.6,0,0,1,4.1,0,50.1
6.1,78.6,5,9.0,41.2,0,0,4,16.9,1,51.14
3.4,42.9,10,7.3,41.5,1,1,3,10.1,0,37.69
8.9,61.6,1,4.3,50.0,1,0,4,13.6,1,44.78
8.2,97.4,1,9.8,85.5,0,0,4,19.6,0,75.39
6.9,70.0,3,7.1,93.4,0,0,3,15.1,0,58.53
8.7,66.0,0,5.7,98.3,0,0,4,18.8,1,62.66
8.8,67.5,8,6.8,46.3,0,1,2,16.6,0,56.62
7.4,52.5,6,9.1,91.7,1,0,4,22.3,0,64.66
8.5,62.1,6,5.8,53.0,0,1,1,21.3,0,55.48
7.3,62.2,2,5.2,37.9,0,0,2,16.3,1,28.78
7.1,43.1,10,4.8,90.9,0,1,2,20.5,1,61.4
6.6,86.1,2,5.8,74.5,0,1,3,26.3,1,50.85
7.8,65.0,0,8.7,41.5,0,0,4,13.3,0,28.35
2.4,89.3,2,6.8,60.1,0,1,4,12.7,0,33.59
8.9,91.0,2,5.4,50.1,0,1,2,23.0,0,44.4
8.8,52.7,3,5.0,81.6,1,1,4,17.7,0,64.8
1.3,79.4,3,6.0,61.7,1,1,4,2.6,1,38.71
8.4,68.3,2,9.6,99.2,1,1,3,26.8,0,75.37
2.2,92.8,9,6.1,33.8,0,0,2,1.4,0,42.55
4.0,52.9,7,9.9,54.9,1,1,1,22.6,0,44.68
7.7,80.7,7,6.9,63.7,0,1,2,22.9,1,61.47
2.4,76.5,0,5.1,65.2,0,0,3,28.6,0,19.41
8.4,57.7,6,9.3,52.1,0,0,3,2.1,1,53.41
8.5,48.2,10,6.8,81.0,0,1,3,18.1,1,72.92
5.6,79.1,1,8.3,91.2,1,0,4,13.1,0,55.91
1.1,84.3,0,9.9,95.7,0,0,2,10.3,0,42.4
3.6,58.9,2,4.3,86.4,0,0,4,3.2,0,51.58
6.6,78.7,3,4.6,89.5,1,0,4,17.1,0,62.87
9.8,63.7,5,8.3,68.5,1,0,2,14.6,1,60.5
6.7,82.8,9,5.7,87.8,1,0,3,3.6,1,79.52
3.3,52.0,4,5.1,51.2,0,1,1,18.6,1,24.58
6.7,93.4,3,4.2,57.9,1,1,1,22.3,1,50.81
5.9,57.2,7,4.1,52.2,0,0,2,23.1,1,34.54
8.0,62.1,10,8.6,62.7,0,0,2,27.2,1,63.17
2.0,43.5,3,4.8,50.0,1,1,3,12.6,1,18.0
7.8,46.7,9,6.8,97.3,1,0,2,28.6,1,67.38
5.9,71.0,1,7.6,51.9,1,1,2,26.0,1,42.18
9.7,56.1,2,6.6,36.9,0,0,3,9.2,1,39.27
4.1,90.1,5,4.2,66.9,0,1,3,5.2,0,51.99
6.7,40.9,7,8.7,34.0,0,1,4,13.3,0,35.44
9.4,62.7,7,4.1,37.7,0,0,2,12.4,0,54.28
1.9,60.2,10,8.6,45.4,0,0,1,17.5,1,29.67
9.4,41.2,8,9.4,62.5,0,0,2,17.7,0,57.87
7.2,47.5,6,6.6,60.3,1,0,1,22.6,1,48.68
1.6,64.8,1,7.2,86.0,0,1,1,15.5,1,30.84
3.7,69.6,7,6.9,81.8,1,0,1,3.6,0,55.81
7.4,64.3,6,6.3,59.8,1,1,4,25.8,1,61.32
1.6,71.9,7,9.3,53.4,1,0,3,9.6,0,44.31
6.2,75.7,2,9.4,52.2,1,1,3,29.2,1,50.31
4.1,40.6,6,6.0,84.2,1,0,4,4.0,1,53.3
6.6,67.8,9,7.7,33.6,0,0,3,28.8,0,40.52
1.4,97.8,8,9.6,30.9,0,1,4,3.2,0,51.89
8.8,71.1,2,9.8,85.7,0,0,2,7.3,0,69.54
9.8,80.7,9,7.1,63.4,0,0,4,1.9,0,74.74
9.7,58.7,5,6.7,39.2,1,0,3,21.3,0,49.95
7.7,86.4,1,5.7,46.5,1,0,3,25.6,0,39.95
2.2,86.4,1,9.8,95.3,1,0,2,13.3,1,51.33
7.8,71.3,4,4.9,90.2,0,1,4,27.9,1,58.96
1.2,98.6,4,7.5,79.7,0,0,2,17.9,1,40.74
1.2,47.5,6,5.7,63.8,0,1,1,19.1,1,33.0
3.9,41.0,1,5.7,66.4,0,0,4,25.4,0,23.45
5.4,86.2,10,6.4,98.3,1,0,2,9.3,1,70.58
7.9,88.4,6,10.0,97.6,1,1,2,11.0,1,94.74
7.1,47.2,4,4.3,45.1,0,1,3,27.2,0,35.77
5.0,55.9,5,7.5,86.8,0,1,4,27.1,1,52.38
3.5,41.1,7,4.5,43.8,1,1,1,29.3,0,25.61
10.0,57.6,9,4.9,44.9,1,1,1,27.1,0,53.49
4.8,86.4,3,6.6,77.3,1,0,4,4.3,0,55.51
5.1,71.1,6,7.1,58.4,1,1,4,24.8,1,59.24
2.5,60.9,5,5.6,95.2,0,1,2,12.6,0,44.68
8.2,62.3,9,5.9,36.2,1,0,3,29.7,1,43.12
7.2,40.1,1,4.5,65.8,1,0,3,14.4,1,39.84
3.0,58.0,7,5.8,94.3,1,1,3,16.8,1,57.92
1.7,78.8,9,9.8,93.3,1,1,4,16.1,0,72.17
7.1,98.5,8,9.7,41.0,0,1,3,10.0,0,64.05
6.9,90.8,4,6.0,55.7,0,0,2,2.7,0,49.93
3.5,41.4,9,7.4,73.3,0,1,4,26.9,1,51.61
9.6,93.9,3,9.5,41.2,0,0,4,24.2,1,58.3
2.4,87.0,5,4.0,97.8,0,0,3,4.6,0,49.24
4.9,86.8,7,8.9,94.0,0,0,1,23.4,1,69.01
9.5,67.5,10,9.7,41.7,1,0,1,19.0,0,65.06
4.8,63.9,2,4.5,38.5,1,1,2,12.6,0,27.51
6.7,58.2,9,5.0,36.0,1,0,3,8.0,1,50.87
4.6,43.9,10,9.8,93.7,1,0,3,25.9,1,61.05
3.5,53.7,10,7.2,43.6,0,1,4,21.2,0,36.55
9.9,54.8,0,4.1,59.1,1,0,4,16.7,1,49.48
4.7,69.0,3,5.5,61.4,0,1,3,18.5,0,36.28
9.0,84.8,3,6.7,71.9,1,0,4,3.2,0,76.37
3.1,68.4,0,8.2,35.0,1,1,3,14.5,1,25.91
2.9,43.5,8,8.4,45.9,1,0,2,6.2,0,38.41
1.3,97.5,2,10.0,95.2,0,0,4,6.6,1,54.97
6.9,96.6,4,5.7,93.6,1,1,3,20.0,0,77.09
4.3,87.1,5,7.2,84.7,0,0,4,27.4,1,56.74
8.8,99.5,7,7.2,31.4,0,0,2,12.4,1,58.33
5.3,72.7,5,6.4,52.9,1,1,4,6.6,0,51.74
9.7,97.8,2,5.0,74.0,0,0,3,19.6,1,61.09
2.7,44.5,5,9.9,49.3,0,0,4,26.2,1,28.61
8.8,61.9,0,9.1,93.7,1,1,4,22.6,0,66.89
8.0,53.5,3,7.0,74.4,1,1,3,26.1,1,55.12
7.9,51.7,5,7.6,35.0,1,1,1,16.3,0,46.62
8.6,48.4,6,5.4,93.6,1,1,4,22.7,1,68.03
7.8,77.3,10,7.3,97.0,1,1,4,4.6,0,91.82
6.6,86.9,10,8.2,35.4,1,0,2,10.8,0,62.58
2.2,74.7,9,7.1,67.3,0,1,1,12.0,0,46.89
1.3,48.8,2,9.9,51.2,1,0,2,15.6,0,18.37
9.3,88.7,8,7.7,57.5,1,1,3,27.9,1,76.34
6.5,78.2,6,6.2,42.6,0,0,3,26.3,0,40.63
8.2,63.3,0,8.6,70.5,1,0,2,4.5,1,50.25
5.3,80.4,1,5.0,97.1,0,1,4,5.6,0,56.95
2.1,55.6,0,6.3,65.2,1,0,1,11.1,1,29.88
2.1,60.7,10,6.1,35.8,1,0,2,9.1,0,29.63
7.2,95.0,8,6.6,73.4,0,1,2,18.6,1,70.24
4.9,57.4,8,8.7,53.8,1,1,3,27.1,1,48.15
2.8,68.2,6,6.9,89.9,0,1,4,28.9,0,48.05
5.4,93.4,9,8.8,60.4,1,1,1,19.8,0,60.98
1.6,82.5,2,7.5,43.5,1,0,2,25.2,0,21.33
6.2,43.7,4,6.1,43.4,0,0,1,16.0,1,29.1
3.4,48.8,3,8.9,83.8,1,0,1,6.6,1,48.42
8.2,40.5,6,5.4,48.6,1,0,2,16.0,1,41.84
3.8,77.9,8,5.3,83.7,0,0,1,16.9,1,51.37
5.1,66.9,1,7.0,44.4,1,0,3,22.4,0,27.3
1.1,48.1,7,5.6,52.5,0,1,4,7.0,0,30.19
1.7,97.5,8,4.1,62.6,1,0,4,11.4,0,44.45
4.5,71.8,9,7.9,96.0,0,0,4,11.2,0,72.38
5.3,54.5,9,7.1,95.2,1,0,3,28.8,1,70.24
6.4,70.0,8,6.7,44.5,0,1,3,13.6,1,48.73
3.6,80.8,9,9.8,55.1,0,1,3,22.8,0,48.29
7.3,44.6,6,7.4,40.5,1,1,4,22.6,1,45.17
8.7,56.5,8,9.2,65.7,1,1,1,8.3,0,81.5
8.0,88.4,8,4.8,62.2,0,0,3,17.4,1,62.69
1.4,67.6,2,7.4,93.1,1,0,2,26.9,1,44.84
5.3,72.8,3,9.2,95.1,0,0,3,14.5,1,54.81
1.9,66.0,1,7.5,56.8,1,1,2,28.4,1,20.14
3.2,42.6,9,8.3,64.4,1,0,4,6.8,1,48.28
9.9,49.9,2,6.2,92.7,0,0,2,2.7,1,62.85
2.3,66.7,10,4.6,86.5,0,0,3,26.8,0,45.03
5.5,52.6,10,6.7,30.3,1,1,3,25.5,1,40.59
6.6,43.0,4,6.4,52.4,1,1,1,29.8,0,30.67
7.3,90.6,4,9.2,59.5,1,1,4,20.5,0,68.79
6.0,98.9,5,5.5,46.1,1,0,2,28.1,0,49.29
1.1,87.6,6,9.8,44.0,1,0,4,24.9,0,37.78
3.9,91.2,6,9.7,32.6,0,0,3,25.4,0,36.36
5.7,54.5,0,5.5,75.0,1,0,1,17.3,0,35.03
1.8,97.6,1,6.1,48.4,1,1,3,11.8,1,31.82
4.2,51.8,8,9.4,33.7,0,0,3,28.1,1,26.83
1.3,97.1,9,9.8,46.2,0,1,3,13.2,1,49.64
1.7,99.7,1,6.7,86.1,0,0,2,16.4,0,32.77
4.6,82.7,5,5.9,89.6,1,1,3,13.7,0,58.76
2.2,98.9,10,7.2,63.8,0,0,4,17.2,0,57.61
6.1,74.2,10,8.1,59.1,0,0,4,14.4,1,71.48
7.2,55.6,0,5.6,98.4,0,1,1,1.9,1,58.83
8.2,66.2,2,8.4,44.0,0,1,4,26.5,1,50.01
2.8,75.6,1,4.3,45.1,1,0,3,13.6,0,20.61
2.5,44.4,2,4.3,50.4,1,0,3,17.9,0,9.53
1.9,77.3,4,6.3,42.1,1,0,4,4.6,0,33.52
6.7,98.9,10,6.1,56.6,0,1,1,0.6,1,73.82
7.4,51.4,9,5.9,93.8,0,0,1,7.7,0,66.99
1.3,87.6,5,6.9,73.1,0,1,4,21.3,0,40.1
9.4,94.5,8,5.9,58.8,0,0,2,3.4,0,75.65
1.5,96.6,10,5.2,95.4,0,0,2,27.3,0,49.75
5.9,97.6,9,5.9,33.4,0,0,2,6.8,1,48.89
7.4,71.3,3,9.8,44.7,1,0,2,6.5,1,47.85
8.8,98.6,6,6.5,69.6,1,1,4,5.9,0,81.74
7.4,85.4,5,6.7,73.1,0,1,1,0.9,0,60.14
8.2,49.7,1,7.5,32.8,1,0,3,23.3,1,30.4
4.1,68.6,9,9.9,58.2,0,0,3,26.3,1,45.79
8.3,83.1,10,5.4,75.4,0,0,4,18.6,0,72.33
1.7,54.8,10,8.1,78.9,1,1,3,6.1,1,52.4
9.1,78.4,10,8.3,74.7,0,0,2,8.9,1,81.53
5.9,80.0,7,7.6,52.4,1,1,1,14.5,0,59.57
8.4,49.8,6,4.5,36.5,0,1,4,28.7,1,41.88
5.1,73.9,6,8.1,59.9,0,1,1,7.8,1,58.46
6.8,86.3,7,4.4,39.0,1,1,4,22.1,1,60.2
5.7,69.9,10,7.6,96.3,0,0,4,13.5,1,79.57
7.6,40.7,0,8.4,63.3,0,0,4,9.3,0,40.17
1.7,40.5,0,5.3,52.2,0,1,4,13.9,1,13.57
1.5,61.4,7,9.0,83.6,1,0,1,2.6,1,54.5
3.2,95.6,3,4.2,64.9,0,0,3,24.1,0,31.77
2.4,53.7,4,9.1,51.7,0,0,4,7.7,1,23.54
8.8,78.1,7,6.8,86.8,0,1,2,21.9,0,75.28
3.0,53.3,4,5.3,90.7,1,0,4,2.5,0,43.91
9.8,59.3,9,4.8,77.1,1,0,1,28.7,1,65.32
4.0,90.9,3,9.7,33.3,1,0,4,6.2,1,42.99
2.6,83.7,5,4.4,69.6,1,0,2,26.5,1,38.71
8.1,45.7,4,5.2,83.4,1,0,1,24.4,1,47.34
6.9,65.7,6,6.1,39.6,0,0,4,29.1,1,40.69
5.5,41.8,9,7.7,46.0,1,0,2,14.6,0,46.72
6.0,68.9,6,7.3,91.8,1,0,1,22.0,1,58.2
7.5,79.7,3,4.8,31.4,0,0,4,11.4,0,42.82
3.1,47.1,4,5.7,82.7,1,0,2,5.9,1,36.28
10.0,57.3,2,5.4,63.2,0,1,1,13.6,0,59.68
9.8,63.9,3,5.3,61.3,1,0,4,5.4,1,62.25
6.9,95.2,3,6.5,30.5,0,1,1,29.5,1,36.97
2.8,99.6,2,8.2,87.4,0,0,2,3.3,1,45.25
7.1,42.7,9,5.3,55.2,1,1,4,17.9,1,57.41
1.6,85.7,4,6.2,67.9,1,1,4,19.0,1,45.14
1.3,62.3,4,6.3,77.4,0,0,4,16.4,0,31.32
3.3,63.5,10,9.9,79.2,0,1,2,20.0,1,56.75
5.2,85.3,6,9.7,96.9,0,1,3,3.9,1,73.53
8.8,95.1,3,8.8,67.2,0,1,4,16.9,1,75.67
7.5,97.1,3,5.4,58.0,0,0,2,9.0,0,51.84
7.7,74.6,8,4.4,96.8,0,1,1,28.2,1,77.09
4.8,61.4,5,5.9,74.9,0,1,1,23.0,0,39.11
4.1,87.3,3,5.6,50.9,1,0,2,29.2,1,32.25
4.3,55.1,1,7.0,38.9,0,1,3,1.6,0,28.85
9.9,73.8,5,8.7,89.0,1,1,2,8.9,1,79.41
1.4,61.5,1,9.1,55.4,1,1,1,6.3,1,23.04
8.8,79.4,4,9.1,76.2,0,0,1,0.8,0,72.18
6.2,54.4,5,6.2,63.0,0,1,4,7.6,1,47.41
4.9,51.5,3,8.1,43.9,1,0,3,20.5,0,21.72
7.5,95.1,2,5.9,72.1,0,1,2,7.3,1,70.08
5.4,46.1,6,4.4,34.2,0,1,1,15.5,1,21.49
8.9,70.4,1,8.2,58.9,1,1,1,26.7,0,50.51
9.1,53.3,10,4.1,68.3,1,1,1,21.0,1,68.65
4.8,42.3,5,6.5,60.5,1,0,2,12.1,0,25.05
3.5,42.2,3,6.0,82.4,0,1,2,11.5,0,34.58
6.3,50.5,5,8.2,88.0,0,0,3,13.9,1,60.07
9.2,92.0,3,8.6,84.0,1,1,4,5.7,1,87.78
2.9,56.9,3,5.8,32.7,0,0,4,19.2,1,20.01
6.6,97.0,3,8.9,43.6,1,1,4,11.2,0,54.97
6.7,74.9,8,5.8,67.6,0,1,1,25.6,0,57.41
7.6,66.2,6,6.7,95.4,1,0,4,22.8,1,70.64
2.2,74.8,2,8.4,88.4,0,0,1,18.5,0,30.01
7.4,71.0,2,8.2,89.0,1,0,3,11.2,0,58.68
9.2,85.5,5,9.9,51.2,0,0,1,6.7,0,54.99
2.6,56.9,5,5.4,60.1,0,1,3,23.4,0,32.37
3.1,61.2,3,8.0,62.9,1,0,3,14.8,1,31.35
9.7,93.6,8,7.7,41.0,0,0,4,7.1,1,72.99
2.6,96.8,3,9.5,32.2,0,0,4,6.3,1,33.18
8.7,93.6,8,4.9,96.3,1,1,1,5.4,0,88.2
5.4,65.2,3,8.5,46.8,0,1,2,23.4,0,38.97
3.2,86.8,1,7.4,46.8,0,1,4,7.3,0,31.51
8.8,68.6,1,5.6,35.8,0,1,4,16.0,0,42.26
5.0,69.9,4,6.8,95.0,1,0,2,13.8,1,60.39
5.6,52.3,3,6.0,70.6,1,1,2,17.6,0,42.89
4.2,75.5,6,7.5,76.7,1,0,4,26.4,0,62.41
6.3,51.2,10,9.3,93.8,1,1,2,26.1,1,68.7
2.5,59.9,4,7.4,54.2,1,0,1,13.8,1,35.5
4.5,91.3,5,7.8,73.5,0,0,3,1.0,1,62.54
9.7,52.4,9,7.1,32.7,0,0,3,13.1,0,50.43
3.3,44.3,3,4.3,43.1,1,0,4,18.4,0,25.61
6.9,44.1,1,5.4,88.2,0,0,4,17.0,0,36.72
3.9,96.4,9,7.0,83.7,0,1,1,19.7,0,59.85
8.0,70.4,8,5.9,54.5,0,0,2,5.0,0,52.4
2.2,64.6,9,5.1,56.4,0,0,4,19.6,0,36.56
9.7,88.7,6,7.0,67.3,1,0,3,5.9,1,74.87
5.1,90.1,3,5.9,30.0,1,0,1,22.6,0,29.75
3.1,59.9,2,5.5,46.9,0,1,1,10.5,1,21.63
1.7,81.6,9,6.8,44.6,0,1,2,21.4,1,34.66
2.5,86.3,2,4.8,47.5,1,0,4,1.9,1,36.85
5.7,79.3,8,9.6,86.4,0,0,4,12.5,0,69.34
4.0,49.1,4,9.2,49.6,0,0,1,21.3,0,19.09
8.5,92.6,2,8.2,43.4,0,0,3,7.2,1,66.26
4.9,72.3,4,4.6,65.3,1,1,4,24.0,0,43.41
3.2,56.9,1,8.7,90.6,1,1,3,19.1,0,35.19
6.6,65.5,10,8.8,46.9,0,0,1,17.8,1,49.13
7.4,42.3,3,8.6,35.5,0,0,4,10.9,0,28.42
2.5,47.7,9,4.7,54.9,0,0,3,14.7,0,33.76
2.5,85.9,1,7.9,82.3,0,0,1,18.1,0,36.23
1.3,40.0,1,9.0,68.5,0,0,3,14.4,0,19.75
7.6,65.0,7,7.5,87.2,0,1,4,21.1,1,70.82
7.0,71.4,0,7.9,97.2,1,1,2,13.3,1,64.08
5.3,43.3,6,6.8,85.5,1,0,3,6.5,0,54.16
8.6,98.4,4,7.2,72.3,0,1,2,6.8,0,70.26
8.3,53.6,10,4.2,64.5,1,1,4,0.7,0,76.15
6.3,58.3,7,7.8,32.8,0,1,2,9.4,1,44.92
8.8,58.2,0,4.5,98.9,0,0,1,22.6,0,52.27
2.9,53.8,10,6.6,56.8,1,1,2,23.9,0,43.78
2.0,40.1,6,5.8,40.7,1,1,3,6.5,1,31.82
3.4,83.8,4,7.3,76.7,0,0,3,28.8,0,41.9
1.5,98.0,3,4.8,49.9,0,1,2,15.3,1,30.72
5.8,53.5,6,8.1,71.0,1,0,1,27.6,0,50.93
9.4,79.8,9,8.8,71.1,1,1,4,21.3,1,83.48
1.4,84.5,1,5.0,61.2,0,0,2,21.8,0,14.43
2.1,90.9,0,4.6,88.5,0,0,3,3.0,0,33.96
5.1,65.4,0,4.9,48.5,0,1,3,7.0,1,32.1
9.4,58.2,10,9.3,61.4,1,1,2,0.8,1,74.65
3.8,59.5,0,7.2,67.6,0,0,2,21.6,1,28.49
5.6,82.8,4,6.8,76.5,1,0,2,10.7,1,58.55
1.4,89.0,9,4.6,84.9,0,1,4,23.7,1,59.23
2.3,50.9,6,7.9,57.6,1,1,3,10.5,0,35.13
9.9,62.3,1,9.2,75.2,1,1,3,24.7,1,65.17
9.7,94.1,9,9.0,40.5,1,1,3,4.4,1,87.05
1.0,88.4,7,7.8,95.3,1,0,4,5.6,1,69.76
9.6,99.1,3,4.5,56.8,0,0,1,10.6,1,56.07
6.8,85.3,2,4.7,81.1,1,0,3,12.6,0,58.27
8.8,63.6,9,4.3,31.4,1,1,3,10.8,0,57.42
5.1,75.4,10,5.5,44.4,1,1,1,23.0,0,49.21
5.6,79.7,7,4.8,64.1,0,0,4,3.4,0,54.22
5.4,44.7,1,5.6,91.5,0,0,1,10.9,0,43.44
7.0,72.7,10,6.3,66.9,0,0,1,25.2,1,51.04
2.3,82.6,10,9.7,95.1,0,0,1,2.5,0,63.38
1.3,50.0,2,7.7,63.9,0,0,1,28.3,0,13.48
3.8,86.8,2,9.0,64.3,0,0,4,29.6,1,41.55
7.3,75.0,9,8.3,38.4,1,1,4,3.1,1,74.21
2.8,97.1,10,4.7,86.2,1,0,1,9.1,0,67.98
7.1,42.5,0,8.4,47.3,1,0,2,11.5,0,30.79
9.7,55.9,5,5.7,93.0,0,0,2,23.4,1,72.12
1.8,76.1,1,7.8,93.8,1,0,2,18.1,0,37.23
7.1,57.8,0,6.0,96.0,1,0,2,19.5,1,57.86
5.0,82.9,1,10.0,66.4,0,0,3,22.8,1,51.37
8.8,85.5,5,5.6,77.4,1,0,4,4.0,0,80.51
2.6,46.2,3,5.7,84.5,0,1,4,25.1,0,33.24
7.2,70.8,5,9.6,39.2,1,0,1,21.3,0,42.52
8.5,70.5,8,4.1,72.1,0,1,3,17.5,1,61.59
9.5,62.2,9,8.2,32.4,0,1,1,26.7,1,55.26
7.1,96.0,9,8.4,64.8,0,1,1,21.2,0,62.4
5.5,89.7,7,9.0,40.8,1,0,4,6.5,0,52.96
6.6,81.8,0,9.8,42.8,1,0,3,13.2,0,36.47
8.8,82.9,7,9.9,55.6,0,0,2,15.1,1,64.8
6.1,67.7,8,4.4,60.3,0,0,4,2.1,1,56.97
1.3,95.3,5,8.9,73.6,1,0,3,28.7,1,46.89
9.4,81.7,9,7.9,35.2,1,0,3,4.3,0,65.78
7.2,83.7,4,7.9,65.3,0,0,4,21.1,1,62.02
7.1,91.7,5,4.8,42.8,1,0,4,15.4,1,52.99
2.9,56.4,5,7.9,70.2,1,0,1,1.3,0,38.13
6.9,88.4,8,9.9,74.6,1,0,1,27.8,1,70.94
4.5,51.7,3,9.5,69.0,0,1,1,25.6,0,43.02
6.9,60.7,1,6.6,81.7,0,0,2,16.0,1,49.01
2.0,60.1,10,4.2,53.5,1,0,4,7.3,0,39.26
6.9,98.7,10,6.2,83.6,0,0,3,4.1,0,73.42
10.0,91.4,8,9.0,60.3,1,1,4,11.2,1,87.46
1.4,82.1,1,8.2,63.9,1,0,3,8.0,0,33.97
9.8,83.6,9,6.8,75.4,0,0,2,15.4,1,77.67
4.7,73.7,8,4.3,31.3,0,1,4,29.0,0,25.79
8.8,96.8,1,6.6,75.8,0,0,3,17.5,0,56.6
8.0,69.8,7,6.8,73.3,1,1,3,26.8,0,72.72
6.1,62.8,8,9.6,51.7,1,1,1,19.7,1,61.92
7.6,49.8,9,7.8,36.0,0,1,2,14.5,0,43.62
8.9,87.2,8,5.9,36.4,0,1,4,25.7,0,60.31
4.6,84.1,9,7.2,94.6,0,0,1,14.4,1,62.45
3.9,63.1,8,4.4,78.2,1,1,2,26.1,0,55.2
7.0,41.5,1,9.8,38.9,1,1,1,9.1,0,35.12
8.3,90.3,3,6.2,55.0,1,0,4,4.3,0,65.65
7.9,40.7,6,6.9,71.5,0,0,3,25.7,0,41.19
8.2,82.2,1,6.1,88.5,0,0,4,17.8,1,65.93
4.9,98.2,0,8.1,33.1,1,1,2,26.7,0,30.51
8.4,66.3,2,8.0,46.6,0,0,4,28.2,0,43.88
2.1,54.1,3,8.3,92.3,0,1,2,2.1,1,50.41
5.9,82.3,7,5.6,30.6,0,1,1,15.3,0,38.76
1.1,89.0,5,5.9,44.1,0,0,2,11.6,0,21.25
3.9,72.8,10,4.8,97.1,1,0,3,19.0,1,71.3
4.3,98.0,1,7.9,72.9,0,0,3,23.9,1,44.54
4.6,43.1,8,4.2,48.3,1,0,3,8.8,1,36.36
7.3,70.3,1,7.6,34.7,1,0,1,16.9,1,31.31
4.5,83.1,4,9.2,32.0,0,0,2,21.4,0,22.42
5.0,91.8,3,9.3,47.1,1,1,1,4.5,1,49.11
3.1,50.8,6,6.7,91.7,1,1,4,24.5,0,55.79
4.4,88.0,7,6.8,59.1,0,0,4,18.4,1,52.13
3.0,73.2,4,4.5,80.4,1,1,4,28.5,0,41.25
1.7,63.8,9,8.0,94.3,1,1,4,10.5,1,69.08
6.4,47.9,4,8.9,58.6,1,1,3,3.7,1,51.23
7.0,91.9,1,5.5,43.4,1,1,2,15.4,0,43.92
6.6,49.4,7,6.5,66.2,1,1,3,3.0,1,61.96
5.2,58.6,1,9.0,93.6,1,1,2,29.1,1,55.42
4.4,57.4,9,9.3,86.3,1,0,2,1.6,1,61.99
8.8,92.3,5,5.5,34.6,1,0,1,22.7,0,44.36
